Team,Name,Health,Damage Done,Total Shots Hits,Points Pathed,Flee ounted,Points 1 Passed,Points 2 Passed,Points 3 Passed,Tank Type,Tank Model,Ricohet Power Picked Up,Health Pack Used,Ricohet Shells Hits,Rockets Power Picked Up,Rockets Hit,Damage Done By Ricohet Shells,Damage Done By Rockets ,Damage Done By Missle,Missles Hit,kills,Last Hit By,Missle Ricohet Hit,Damage Done By Missle Ricohet,Damage Done By Missle Mine Globel,Health Damage,Health Damage By Mine Team,Health Damage By Missle,Health Damage By Missle Ric,Health Damage By Richet,Health Damage By Rocket Ric,Health Damage By Rocket ,Damage Done By Shell,Health Damage By Shells,Shells Hit ,Spawn Time ,Shots Fired,time stamp
Team1,M4 Team 1(Clone)1,-51,181,3,0,0,0,0,0,Medium,Sherman,0,0,0,0,0,0,0,0,0,0,T72 team2(Clone)5 (UnityEngine.GameObject),0,0,0,351,0,0,0,0,0,0,181,351,3,09/05/2020 18:51:49,3,,,0,False,0,09/05/2020 18:52:38
Team2,M4 Team 2(Clone)1,-32,232,4,0,0,0,0,0,Medium,Sherman,0,0,0,0,0,0,0,0,0,0,M4 Team 1(Clone)3 (UnityEngine.GameObject),0,0,0,332,0,0,0,0,0,0,232,332,4,09/05/2020 19:17:56,8,,,0,False,0,09/05/2020 19:18:56
Team1,M4 Team 1(Clone)3,-28,263,4,0,0,0,0,0,Medium,Sherman,0,0,0,0,0,0,0,0,0,0,Tank Team2(Clone)6 (UnityEngine.GameObject),0,0,0,328,0,0,0,0,0,0,263,328,4,09/05/2020 19:18:00,7,,,0,False,0,09/05/2020 19:19:13
Team2,M4 Team 2(Clone)2,-34,167,3,0,0,0,0,0,Medium,Sherman,0,0,0,0,0,0,0,0,0,0,Tank Team1(Clone)1 (UnityEngine.GameObject),0,0,0,334,0,0,0,0,0,0,167,334,3,14/05/2020 16:31:04,7,,,0,False,0,14/05/2020 16:32:05
Team1,M4 Team 1(Clone)3,0,307,5,0,0,0,0,0,Medium,Sherman,0,0,0,0,0,0,0,0,0,0,Tank Team2(Clone)3 (UnityEngine.GameObject),0,0,0,300,0,0,0,0,0,0,307,300,5,14/05/2020 16:31:06,9,,,0,False,0,14/05/2020 16:32:36
Team2,M4 Team 2(Clone)6,-15,289,5,0,0,0,0,0,Medium,Sherman,0,0,0,0,0,0,0,0,0,0,M4 Team 1(Clone)6 (UnityEngine.GameObject),0,0,0,315,0,0,0,0,0,0,289,315,5,14/05/2020 16:31:12,10,,,0,False,0,14/05/2020 16:32:47
Team1,M4 Team 1(Clone)6,-54,291,5,0,0,0,0,0,Medium,Sherman,0,0,0,0,0,0,0,0,0,1,Tank Team2(Clone)7 (UnityEngine.GameObject),0,0,0,354,0,0,0,0,0,0,291,354,5,14/05/2020 16:31:12,11,,,0,False,0,14/05/2020 16:33:01
Team1,M4 Team 1(Clone)10,-41,185,3,0,0,0,0,0,Medium,Sherman,0,0,0,0,0,0,0,0,0,0,M4 Team 2(Clone)5 (UnityEngine.GameObject),0,0,0,341,0,0,0,0,0,0,185,341,3,14/05/2020 16:32:37,23,,,0,False,0,14/05/2020 16:33:52
Team2,M4 Team 2(Clone)5,-65,189,3,0,1,0,0,0,Medium,Sherman,0,0,0,0,0,0,0,0,0,0,M4 Team 1(Clone)15 (UnityEngine.GameObject),0,0,0,605,0,0,0,0,0,0,189,605,3,14/05/2020 16:31:10,9,,,0,False,0,14/05/2020 16:34:08
Team1,M4 Team 1(Clone)14,-29,0,0,0,0,0,0,0,Medium,Sherman,0,0,0,0,0,0,0,0,0,0,T72 team2(Clone)4 (UnityEngine.GameObject),0,0,0,329,0,0,0,0,0,0,0,329,0,14/05/2020 16:33:21,13,,,0,False,0,14/05/2020 16:34:22
Team1,M4 Team 1(Clone)13,-15,168,3,0,0,0,0,0,Medium,Sherman,0,0,0,0,0,0,0,0,0,0,T72 team2(Clone)4 (UnityEngine.GameObject),0,0,0,315,0,0,0,0,0,0,168,315,3,14/05/2020 16:33:07,22,,,0,False,0,14/05/2020 16:34:33
Team2,M4 Team 2(Clone)4,-23,68,4,0,0,0,0,0,Medium,Sherman,0,0,0,0,0,0,0,0,0,0,Cylinder006 (UnityEngine.GameObject),0,0,0,323,0,0,0,0,0,0,68,323,4,15/05/2020 20:20:41,13,,,0,False,0,15/05/2020 20:22:24
Team1,M4 Team 1(Clone)1,-64,0,0,0,0,0,0,0,Medium,Sherman,0,0,0,0,0,0,0,0,0,0,M4 Team 2(Clone)3 (UnityEngine.GameObject),0,0,0,364,0,0,0,0,0,0,0,364,0,15/05/2020 20:29:48,2,,,0,False,0,15/05/2020 20:30:34
Team2,M4 Team 2(Clone)1,-42,227,4,0,0,0,0,0,Medium,Sherman,0,0,0,0,0,0,0,0,0,1,Tank Team1(Clone)2 (UnityEngine.GameObject),0,0,0,342,0,0,0,0,0,0,227,342,4,15/05/2020 20:29:48,3,,,0,False,0,15/05/2020 20:30:37
Team2,M4 Team 2(Clone)1,-9,165,3,0,0,0,0,0,Medium,Sherman,0,0,0,0,0,0,0,0,0,1,Tank Team1(Clone)3 (UnityEngine.GameObject),0,0,0,309,0,0,0,0,0,0,165,309,3,15/05/2020 20:51:39,3,,,0,False,0,15/05/2020 20:52:30
Team2,M4 Team 2(Clone)3,-24,158,3,0,0,0,0,0,Medium,Sherman,0,0,0,0,0,0,0,0,0,0,Tank Team1(Clone)2 (UnityEngine.GameObject),0,0,0,324,0,0,0,0,0,0,158,324,3,15/05/2020 20:51:43,4,,,0,False,0,15/05/2020 20:52:36
Team1,M4 Team 1(Clone)4,-53,196,3,0,0,0,0,0,Medium,Sherman,0,0,0,0,0,0,0,0,0,1,Tank Team2(Clone)7 (UnityEngine.GameObject),0,0,0,353,0,0,0,0,0,0,196,353,3,15/05/2020 20:51:45,3,,,0,False,0,15/05/2020 20:52:50
Team1,M4 Team 1(Clone)7,-31,66,1,0,0,0,0,0,Medium,Sherman,0,0,0,0,0,0,0,0,0,0,M4 Team 2(Clone)4 (UnityEngine.GameObject),0,0,0,331,0,0,0,0,0,0,66,331,1,15/05/2020 20:52:29,2,,,0,False,0,15/05/2020 20:53:19
Team2,M4 Team 2(Clone)2,-3,492,8,0,0,0,0,0,Medium,Sherman,0,0,0,0,0,0,0,0,0,1,M4 Team 1(Clone)8 (UnityEngine.GameObject),0,0,0,303,0,0,0,0,0,0,492,303,8,15/05/2020 20:51:41,10,,,0,False,0,15/05/2020 20:53:20
Team1,M4 Team 1(Clone)8,-4,192,3,0,0,0,0,0,Medium,Sherman,0,0,0,0,0,0,0,0,0,1,M4 Team 2(Clone)6 (UnityEngine.GameObject),0,0,0,304,0,0,0,0,0,0,192,304,3,15/05/2020 20:52:53,8,,,0,False,0,15/05/2020 20:53:33
Team1,M4 Team 1(Clone)1,-8,141,2,0,0,0,0,0,Medium,Sherman,0,0,0,0,0,0,0,0,0,0,Tank Team2(Clone)1 (UnityEngine.GameObject),0,0,0,308,0,0,0,0,0,0,141,308,2,15/05/2020 22:01:55,3,,,0,False,0,15/05/2020 22:02:49
Team2,M4 Team 2(Clone)3,-39,291,5,0,0,0,0,0,Medium,Sherman,0,0,0,0,0,0,0,0,0,1,T72 team1(Clone)5 (UnityEngine.GameObject),0,0,0,339,0,0,0,0,0,0,291,339,5,15/05/2020 22:01:59,11,,,0,False,0,15/05/2020 22:03:34
Team1,M4 Team 1(Clone)1,-6,55,1,0,0,0,0,0,Medium,Sherman,0,0,0,0,0,0,0,0,0,0,M4 Team 2(Clone)5 (UnityEngine.GameObject),0,0,0,306,0,0,0,0,0,0,55,306,1,09/06/2020 19:08:50,2,,,0,False,0,09/06/2020 19:09:33
Team2,M4 Team 2(Clone)1,-42,282,5,0,0,0,0,0,Medium,Sherman,0,0,0,0,0,0,0,0,0,0,M4 Team 1(Clone)2 (UnityEngine.GameObject),0,0,0,342,0,0,0,0,0,0,282,342,5,09/06/2020 19:08:50,4,,,0,False,0,09/06/2020 19:09:35
Team1,M4 Team 1(Clone)2,-30,439,7,0,0,0,0,0,Medium,Sherman,0,0,0,0,0,0,0,0,0,1,M4 Team 2(Clone)2 (UnityEngine.GameObject),0,0,0,330,0,0,0,0,0,0,439,330,7,09/06/2020 19:08:52,8,,,0,False,0,09/06/2020 19:09:39
Team1,M4 Team 1(Clone)3,-23,182,3,0,0,0,0,0,Medium,Sherman,0,0,0,0,0,0,0,0,0,0,M4 Team 2(Clone)5 (UnityEngine.GameObject),0,0,0,323,0,0,0,0,0,0,182,323,3,09/06/2020 19:08:54,4,,,0,False,0,09/06/2020 19:09:44
Team2,M4 Team 2(Clone)2,-20,310,5,0,0,0,0,0,Medium,Sherman,0,0,0,0,0,0,0,0,0,1,M4 Team 1(Clone)7 (UnityEngine.GameObject),0,0,0,320,0,0,0,0,0,0,310,320,5,09/06/2020 19:08:52,8,,,0,False,0,09/06/2020 19:09:46
Team1,M4 Team 1(Clone)5,-14,247,4,0,0,0,0,0,Medium,Sherman,0,0,0,0,0,0,0,0,0,0,M4 Team 2(Clone)3 (UnityEngine.GameObject),0,0,0,314,0,0,0,0,0,0,247,314,4,09/06/2020 19:08:58,4,,,0,False,0,09/06/2020 19:09:55
Team2,M4 Team 2(Clone)5,-54,294,5,0,0,0,0,0,Medium,Sherman,0,0,0,0,0,0,0,0,0,1,M4 Team 1(Clone)8 (UnityEngine.GameObject),0,0,0,354,0,0,0,0,0,0,294,354,5,09/06/2020 19:08:58,4,,,0,False,0,09/06/2020 19:09:56
Team1,M4 Team 1(Clone)6,-15,113,2,0,0,0,0,0,Medium,Sherman,0,0,0,0,0,0,0,0,0,1,M4 Team 2(Clone)3 (UnityEngine.GameObject),0,0,0,315,0,0,0,0,0,0,113,315,2,09/06/2020 19:09:00,4,,,0,False,0,09/06/2020 19:10:00
Team2,M4 Team 2(Clone)3,-30,178,3,0,0,0,0,0,Medium,Sherman,0,0,0,0,0,0,0,0,0,0,M4 Team 1(Clone)7 (UnityEngine.GameObject),0,0,0,330,0,0,0,0,0,0,178,330,3,09/06/2020 19:08:54,7,,,0,False,0,09/06/2020 19:10:03
Team2,M4 Team 2(Clone)6,-24,271,4,0,0,0,0,0,Medium,Sherman,0,0,0,0,0,0,0,0,0,1,M4 Team 1(Clone)7 (UnityEngine.GameObject),0,0,0,324,0,0,0,0,0,0,271,324,4,09/06/2020 19:09:00,8,,,0,False,0,09/06/2020 19:10:09
Team1,M4 Team 1(Clone)7,-11,280,4,0,0,0,0,0,Medium,Sherman,0,0,0,0,0,0,0,0,0,1,M4 Team 2(Clone)4 (UnityEngine.GameObject),0,0,0,311,0,0,0,0,0,0,280,311,4,09/06/2020 19:09:02,7,,,0,False,0,09/06/2020 19:10:17
Team1,M4 Team 1(Clone)9,-1,119,2,0,0,0,0,0,Medium,Sherman,0,0,0,0,0,0,0,0,0,0,M4 Team 2(Clone)7 (UnityEngine.GameObject),0,0,0,301,0,0,0,0,0,0,119,301,2,09/06/2020 19:09:36,4,,,0,False,0,09/06/2020 19:10:23
Team2,M4 Team 2(Clone)7,-6,178,3,0,0,0,0,0,Medium,Sherman,0,0,0,0,0,0,0,0,0,0,M4 Team 1(Clone)8 (UnityEngine.GameObject),0,0,0,306,0,0,0,0,0,0,178,306,3,09/06/2020 19:09:02,6,,,0,False,0,09/06/2020 19:10:24
Team1,M4 Team 1(Clone)10,-53,55,1,0,0,0,0,0,Medium,Sherman,0,0,0,0,0,0,0,0,0,0,M4 Team 2(Clone)4 (UnityEngine.GameObject),0,0,0,353,0,0,0,0,0,0,55,353,1,09/06/2020 19:09:42,5,,,0,False,0,09/06/2020 19:10:48
Team2,M4 Team 2(Clone)9,-10,225,4,0,0,0,0,0,Medium,Sherman,0,0,0,0,0,0,0,0,0,1,M4 Team 1(Clone)11 (UnityEngine.GameObject),0,0,0,310,0,0,0,0,0,0,225,310,4,09/06/2020 19:09:38,6,,,0,False,0,09/06/2020 19:10:48
Team1,M4 Team 1(Clone)11,-17,346,6,0,0,0,0,0,Medium,Sherman,0,0,0,0,0,0,0,0,0,2,M4 Team 2(Clone)12 (UnityEngine.GameObject),0,0,0,317,0,0,0,0,0,0,346,317,6,09/06/2020 19:09:46,8,,,0,False,0,09/06/2020 19:10:51
Team2,M4 Team 2(Clone)4,-25,765,12,0,0,0,0,0,Medium,Sherman,0,0,0,0,0,0,0,0,0,2,M4 Team 1(Clone)13 (UnityEngine.GameObject),0,0,0,325,0,0,0,0,0,0,765,325,12,09/06/2020 19:08:56,21,,,0,False,0,09/06/2020 19:10:56
Team1,M4 Team 1(Clone)4,-55,481,8,0,0,0,0,0,Medium,Sherman,0,0,0,0,0,0,0,0,0,3,M4 Team 2(Clone)11 (UnityEngine.GameObject),0,0,0,355,0,0,0,0,0,0,481,355,8,09/06/2020 19:08:56,15,,,0,True,0,09/06/2020 19:10:56
Team1,M4 Team 1(Clone)12,-60,122,2,0,0,0,0,0,Medium,Sherman,0,0,0,0,0,0,0,0,0,0,M4 Team 2(Clone)12 (UnityEngine.GameObject),0,0,0,360,0,0,0,0,0,0,122,360,2,09/06/2020 19:09:58,4,,,0,False,0,09/06/2020 19:11:01
Team2,M4 Team 2(Clone)2,-27,118,2,0,0,0,0,0,Medium,Sherman,0,0,0,0,0,0,0,0,0,0,M4 Team 1(Clone)1 (UnityEngine.GameObject),0,0,0,327,0,0,0,0,0,0,118,327,2,09/06/2020 19:32:16,2,,,0,False,0,09/06/2020 19:33:00
Team2,M4 Team 2(Clone)6,-17,62,1,0,0,0,0,0,Medium,Sherman,0,0,0,0,0,0,0,0,0,0,M4 Team 1(Clone)1 (UnityEngine.GameObject),0,0,0,317,0,0,0,0,0,0,62,317,1,09/06/2020 19:32:24,5,,,0,False,0,09/06/2020 19:33:12
Team1,M4 Team 1(Clone)2,-2,67,1,0,0,0,0,0,Medium,Sherman,0,0,0,0,0,0,0,0,0,0,M4 Team 2(Clone)4 (UnityEngine.GameObject),0,0,0,302,0,0,0,0,0,0,67,302,1,09/06/2020 19:32:16,3,,,0,False,0,09/06/2020 19:33:13
Team1,M4 Team 1(Clone)1,-17,384,6,0,0,0,0,0,Medium,Sherman,0,0,0,0,0,0,0,0,0,1,M4 Team 2(Clone)7 (UnityEngine.GameObject),0,0,0,317,0,0,0,0,0,0,384,317,6,09/06/2020 19:32:14,6,,,0,False,0,09/06/2020 19:33:18
Team1,M4 Team 1(Clone)4,-43,136,2,0,0,0,0,0,Medium,Sherman,0,0,0,0,0,0,0,0,0,0,M4 Team 2(Clone)5 (UnityEngine.GameObject),0,0,0,343,0,0,0,0,0,0,136,343,2,09/06/2020 19:32:20,4,,,0,False,0,09/06/2020 19:33:20
Team2,M4 Team 2(Clone)8,-5,255,4,0,0,0,0,0,Medium,Sherman,0,0,0,0,0,0,0,0,0,0,M4 Team 1(Clone)3 (UnityEngine.GameObject),0,0,0,305,0,0,0,0,0,0,255,305,4,09/06/2020 19:32:29,8,,,0,False,0,09/06/2020 19:33:41
Team1,M4 Team 1(Clone)1,-1,257,4,0,0,0,0,0,Medium,Sherman,0,0,0,0,0,0,0,0,0,0,M4 Team 2(Clone)2 (UnityEngine.GameObject),0,0,0,301,0,0,0,0,0,0,257,301,4,10/06/2020 14:16:43,3,,,0,False,0,10/06/2020 14:17:35
Team2,M4 Team 2(Clone)1,-7,232,4,0,0,0,0,0,Medium,Sherman,0,0,0,0,0,0,0,0,0,0,M4 Team 1(Clone)2 (UnityEngine.GameObject),0,0,0,307,0,0,0,0,0,0,232,307,4,10/06/2020 14:16:43,5,,,0,False,0,10/06/2020 14:17:38
Team1,M4 Team 1(Clone)2,-49,254,4,0,0,0,0,0,Medium,Sherman,0,0,0,0,0,0,0,0,0,1,M4 Team 2(Clone)5 (UnityEngine.GameObject),0,0,0,349,0,0,0,0,0,0,254,349,4,10/06/2020 14:16:50,10,,,0,False,0,10/06/2020 14:17:45
Team2,M4 Team 2(Clone)3,-15,196,3,0,0,0,0,0,Medium,Sherman,0,0,0,0,0,0,0,0,0,1,M4 Team 1(Clone)6 (UnityEngine.GameObject),0,0,0,315,0,0,0,0,0,0,196,315,3,10/06/2020 14:16:52,5,,,0,False,0,10/06/2020 14:17:47
Team1,M4 Team 1(Clone)3,-3,313,5,0,0,0,0,0,Medium,Sherman,0,0,0,0,0,0,0,0,0,1,M4 Team 2(Clone)6 (UnityEngine.GameObject),0,0,0,303,0,0,0,0,0,0,313,303,5,10/06/2020 14:16:52,8,,,0,False,0,10/06/2020 14:17:48
Team2,M4 Team 2(Clone)2,-14,306,5,0,0,0,0,0,Medium,Sherman,0,0,0,0,0,0,0,0,0,2,M4 Team 1(Clone)4 (UnityEngine.GameObject),0,0,0,314,0,0,0,0,0,0,306,314,5,10/06/2020 14:16:50,6,,,0,False,0,10/06/2020 14:17:54
Team1,M4 Team 1(Clone)5,-16,0,0,0,0,0,0,0,Medium,Sherman,0,0,0,0,0,0,0,0,0,0,M4 Team 2(Clone)4 (UnityEngine.GameObject),0,0,0,316,0,0,0,0,0,0,0,316,0,10/06/2020 14:16:56,5,,,0,False,0,10/06/2020 14:17:57
Team1,M4 Team 1(Clone)1,-9,124,2,0,0,0,0,0,Medium,Sherman,0,0,0,0,0,0,0,0,0,0,M4 Team 2(Clone)3 (UnityEngine.GameObject),0,0,0,309,0,0,0,0,0,0,124,309,2,11/06/2020 18:54:09,3,,,0,False,0,11/06/2020 18:54:55
Team1,M4 Team 1(Clone)2,-14,148,2,0,0,0,0,0,Medium,Sherman,0,0,0,0,0,0,0,0,0,1,M4 Team 2(Clone)3 (UnityEngine.GameObject),0,0,0,314,0,0,0,0,0,0,148,314,2,11/06/2020 18:54:12,3,,,0,False,0,11/06/2020 18:55:00
Team1,M4 Team 1(Clone)2,-27,125,2,0,0,0,0,0,Medium,Sherman,0,0,0,0,0,0,0,0,0,0,M4 Team 2(Clone)1 (UnityEngine.GameObject),0,0,0,327,0,0,0,0,0,0,125,327,2,11/06/2020 19:00:41,2,,,0,False,0,11/06/2020 19:01:35
Team2,M4 Team 2(Clone)1,-59,187,3,0,0,0,0,0,Medium,Sherman,0,0,0,0,0,0,0,0,0,0,M4 Team 1(Clone)3 (UnityEngine.GameObject),0,0,0,359,0,0,0,0,0,0,187,359,3,11/06/2020 19:00:39,5,,,0,False,0,11/06/2020 19:01:39
Team1,M4 Team 1(Clone)1,-36,235,4,0,0,0,0,0,Medium,Sherman,0,0,0,0,0,0,0,0,0,0,M4 Team 2(Clone)2 (UnityEngine.GameObject),0,0,0,336,0,0,0,0,0,0,235,336,4,11/06/2020 19:00:39,6,,,0,False,0,11/06/2020 19:01:41
Team2,M4 Team 2(Clone)3,-40,239,4,0,0,0,0,0,Medium,Sherman,0,0,0,0,0,0,0,0,0,1,M4 Team 1(Clone)4 (UnityEngine.GameObject),0,0,0,340,0,0,0,0,0,0,239,340,4,11/06/2020 19:00:43,3,,,0,False,0,11/06/2020 19:01:46
Team2,M4 Team 2(Clone)1,-20,133,2,0,0,0,0,0,Medium,Sherman,0,0,0,0,0,0,0,0,0,0,M4 Team 1(Clone)3 (UnityEngine.GameObject),0,0,0,320,0,0,0,0,0,0,133,320,2,11/06/2020 19:54:12,2,,,0,False,0,11/06/2020 19:54:54
Team2,M4 Team 2(Clone)3,-18,120,2,0,0,0,0,0,Medium,Sherman,0,0,0,0,0,0,0,0,0,0,M4 Team 1(Clone)6 (UnityEngine.GameObject),0,0,0,318,0,0,0,0,0,0,120,318,2,11/06/2020 19:54:16,5,,,0,False,0,11/06/2020 19:55:07
Team2,M4 Team 2(Clone)2,-20,204,4,0,0,0,0,0,Medium,Sherman,0,0,0,0,0,0,0,0,0,0,M4 Team 1(Clone)2 (UnityEngine.GameObject),0,0,0,320,0,0,0,0,0,0,204,320,4,11/06/2020 19:54:14,10,,,0,False,0,11/06/2020 19:55:13
Team2,M4 Team 2(Clone)4,-6,185,4,0,0,0,0,0,Medium,Sherman,0,0,0,0,0,0,0,0,0,0,M4 Team 1(Clone)3 (UnityEngine.GameObject),0,0,0,306,0,0,0,0,0,0,185,306,4,11/06/2020 19:54:18,6,,,0,False,0,11/06/2020 19:55:20
Team1,M4 Team 1(Clone)2,-12,511,8,0,0,0,0,0,Medium,Sherman,0,0,0,0,0,0,0,0,0,1,M4 Team 2(Clone)7 (UnityEngine.GameObject),0,0,0,312,0,0,0,0,0,0,511,312,8,11/06/2020 19:54:14,7,,,0,False,0,11/06/2020 19:55:25
Team2,M4 Team 2(Clone)1,-9,114,2,0,0,0,0,0,Medium,Sherman,0,0,0,0,0,0,0,0,0,0,M4 Team 1(Clone)2 (UnityEngine.GameObject),0,0,0,309,0,0,0,0,0,0,114,309,2,11/06/2020 19:58:38,3,,,0,False,0,11/06/2020 19:59:23
Team1,M4 Team 1(Clone)1,-6,128,2,0,0,0,0,0,Medium,Sherman,0,0,0,0,0,0,0,0,0,0,M4 Team 2(Clone)2 (UnityEngine.GameObject),0,0,0,306,0,0,0,0,0,0,128,306,2,11/06/2020 19:58:38,3,,,0,False,0,11/06/2020 19:59:23
Team1,M4 Team 1(Clone)2,0,261,4,0,0,0,0,0,Medium,Sherman,0,0,0,0,0,0,0,0,0,0,M4 Team 2(Clone)6 (UnityEngine.GameObject),0,0,0,300,0,0,0,0,0,0,261,300,4,11/06/2020 19:58:40,10,,,0,False,0,11/06/2020 19:59:37
Team2,M4 Team 2(Clone)2,-41,347,6,0,0,0,0,0,Medium,Sherman,0,0,0,0,0,0,0,0,0,0,M4 Team 1(Clone)5 (UnityEngine.GameObject),0,0,0,341,0,0,0,0,0,0,347,341,6,11/06/2020 19:58:40,6,,,0,False,0,11/06/2020 19:59:39
Team1,M4 Team 1(Clone)4,-40,145,2,0,0,0,0,0,Medium,Sherman,0,0,0,0,0,0,0,0,0,1,M4 Team 2(Clone)5 (UnityEngine.GameObject),0,0,0,340,0,0,0,0,0,0,145,340,2,11/06/2020 19:58:44,5,,,0,False,0,11/06/2020 19:59:47
Team2,M4 Team 2(Clone)1,-1,133,2,0,0,0,0,0,Medium,Sherman,0,0,0,0,0,0,0,0,0,0,M4 Team 1(Clone)2 (UnityEngine.GameObject),0,0,0,301,0,0,0,0,0,0,133,301,2,11/06/2020 20:10:52,2,,,0,False,0,11/06/2020 20:11:33
Team1,M4 Team 1(Clone)2,-6,320,5,0,0,0,0,0,Medium,Sherman,0,0,0,0,0,0,0,0,0,2,M4 Team 2(Clone)2 (UnityEngine.GameObject),0,0,0,306,0,0,0,0,0,0,320,306,5,11/06/2020 20:10:54,4,,,0,False,0,11/06/2020 20:11:43
Team1,M4 Team 1(Clone)1,-53,121,2,0,0,0,0,0,Medium,Sherman,0,0,0,0,0,0,0,0,0,0,M4 Team 2(Clone)2 (UnityEngine.GameObject),0,0,0,353,0,0,0,0,0,0,121,353,2,11/06/2020 20:10:52,3,,,0,False,0,11/06/2020 20:11:48
Team2,M4 Team 2(Clone)2,-24,393,7,0,0,0,0,0,Medium,Sherman,0,0,0,0,0,0,0,0,0,4,M4 Team 1(Clone)5 (UnityEngine.GameObject),0,0,0,324,0,0,0,0,0,0,393,324,7,11/06/2020 20:10:54,5,,,0,False,0,11/06/2020 20:11:52
Team1,M4 Team 1(Clone)4,0,278,5,0,0,0,0,0,Medium,Sherman,0,0,0,0,0,0,0,0,0,0,M4 Team 2(Clone)5 (UnityEngine.GameObject),0,0,0,300,0,0,0,0,0,0,278,300,5,11/06/2020 20:10:58,6,,,0,False,0,11/06/2020 20:11:59
Team2,M4 Team 2(Clone)5,-15,299,5,0,0,0,0,0,Medium,Sherman,0,0,0,0,0,0,0,0,0,1,M4 Team 1(Clone)5 (UnityEngine.GameObject),0,0,0,315,0,0,0,0,0,0,299,315,5,11/06/2020 20:11:00,6,,,0,False,0,11/06/2020 20:12:01
Team2,M4 Team 2(Clone)6,-3,200,3,0,0,0,0,0,Medium,Sherman,0,0,0,0,0,0,0,0,0,0,M4 Team 1(Clone)7 (UnityEngine.GameObject),0,0,0,303,0,0,0,0,0,0,200,303,3,11/06/2020 20:11:02,7,,,0,False,0,11/06/2020 20:12:16
Team1,M4 Team 1(Clone)1,-66,214,4,0,0,0,0,0,Medium,Sherman,0,0,0,0,0,0,0,0,0,0,M4 Team 2(Clone)1 (UnityEngine.GameObject),0,0,0,366,0,0,0,0,0,0,214,366,4,11/06/2020 20:14:47,7,,,0,False,0,11/06/2020 20:15:37
Team1,M4 Team 1(Clone)2,-29,178,3,0,0,0,0,0,Medium,Sherman,0,0,0,0,0,0,0,0,0,0,M4 Team 2(Clone)6 (UnityEngine.GameObject),0,0,0,329,0,0,0,0,0,0,178,329,3,11/06/2020 20:14:50,3,,,0,False,0,11/06/2020 20:15:39
Team2,M4 Team 2(Clone)1,-32,240,4,0,0,0,0,0,Medium,Sherman,0,0,0,0,0,0,0,0,0,2,M4 Team 1(Clone)7 (UnityEngine.GameObject),0,0,0,332,0,0,0,0,0,0,240,332,4,11/06/2020 20:14:47,7,,,0,False,0,11/06/2020 20:15:39
Team1,M4 Team 1(Clone)4,-21,0,0,0,0,0,0,0,Medium,Sherman,0,0,0,0,0,0,0,0,0,0,M4 Team 2(Clone)4 (UnityEngine.GameObject),0,0,0,321,0,0,0,0,0,0,0,321,0,11/06/2020 20:14:54,3,,,0,False,0,11/06/2020 20:15:40
Team1,M4 Team 1(Clone)6,-49,54,1,0,0,0,0,0,Medium,Sherman,0,0,0,0,0,0,0,0,0,0,M4 Team 2(Clone)5 (UnityEngine.GameObject),0,0,0,349,0,0,0,0,0,0,54,349,1,11/06/2020 20:14:58,4,,,0,False,0,11/06/2020 20:15:52
Team2,M4 Team 2(Clone)2,-27,248,4,0,0,0,0,0,Medium,Sherman,0,0,0,0,0,0,0,0,0,0,M4 Team 1(Clone)7 (UnityEngine.GameObject),0,0,0,327,0,0,0,0,0,0,248,327,4,11/06/2020 20:14:50,7,,,0,False,0,11/06/2020 20:15:58
Team1,M4 Team 1(Clone)7,-13,317,5,0,0,0,0,0,Medium,Sherman,0,0,0,0,0,0,0,0,0,3,M4 Team 2(Clone)7 (UnityEngine.GameObject),0,0,0,313,0,0,0,0,0,0,317,313,5,11/06/2020 20:15:00,5,,,0,False,0,11/06/2020 20:15:59
Team1,M4 Team 1(Clone)5,-60,270,4,0,0,0,0,0,Medium,Sherman,0,0,0,0,0,0,0,0,0,0,M4 Team 2(Clone)5 (UnityEngine.GameObject),0,0,0,360,0,0,0,0,0,0,270,360,4,11/06/2020 20:14:56,7,,,0,False,0,11/06/2020 20:16:05
Team1,M4 Team 1(Clone)1,-20,156,3,0,0,0,0,0,Medium,Sherman,0,0,0,0,0,0,0,0,0,0,M4 Team 2(Clone)1 (UnityEngine.GameObject),0,0,0,320,0,0,0,0,0,0,156,320,3,11/06/2020 20:29:07,6,,,0,False,0,11/06/2020 20:29:53
Team2,M4 Team 2(Clone)1,-58,194,3,0,0,0,0,0,Medium,Sherman,0,0,0,0,0,0,0,0,0,2,M4 Team 1(Clone)2 (UnityEngine.GameObject),0,0,0,358,0,0,0,0,0,0,194,358,3,11/06/2020 20:29:07,4,,,0,False,0,11/06/2020 20:29:59
Team1,M4 Team 1(Clone)2,-68,246,4,0,0,0,0,0,Medium,Sherman,0,0,0,0,0,0,0,0,0,1,M4 Team 2(Clone)2 (UnityEngine.GameObject),0,0,0,368,0,0,0,0,0,0,246,368,4,11/06/2020 20:29:09,6,,,0,False,0,11/06/2020 20:30:01
Team2,M4 Team 2(Clone)3,-4,112,3,0,0,0,0,0,Medium,Sherman,0,0,0,0,0,0,0,0,0,0,M4 Team 1(Clone)4 (UnityEngine.GameObject),0,0,0,304,0,0,0,0,0,0,112,304,3,11/06/2020 20:29:11,5,,,0,False,0,11/06/2020 20:30:08
Team2,M4 Team 2(Clone)4,-9,284,5,0,0,0,0,0,Medium,Sherman,0,0,0,0,0,0,0,0,0,0,M4 Team 1(Clone)4 (UnityEngine.GameObject),0,0,0,309,0,0,0,0,0,0,284,309,5,11/06/2020 20:29:13,7,,,0,False,0,11/06/2020 20:30:18
Team2,M4 Team 2(Clone)6,-19,122,3,0,0,0,0,0,Medium,Sherman,0,0,0,0,0,0,0,0,0,0,M4 Team 1(Clone)6 (UnityEngine.GameObject),0,0,0,319,0,0,0,0,0,0,122,319,3,11/06/2020 20:29:17,10,,,0,False,0,11/06/2020 20:30:25
Team2,M4 Team 2(Clone)5,-18,75,3,0,0,0,0,0,Medium,Sherman,0,0,0,0,0,0,0,0,0,0,M4 Team 1(Clone)6 (UnityEngine.GameObject),0,0,0,318,0,0,0,0,0,0,75,318,3,11/06/2020 20:29:15,11,,,0,False,0,11/06/2020 20:30:32
Team2,M4 Team 2(Clone)9,-56,100,2,0,0,0,0,0,Medium,Sherman,0,0,0,0,0,0,0,0,0,0,M4 Team 1(Clone)6 (UnityEngine.GameObject),0,0,0,356,0,0,0,0,0,0,100,356,2,11/06/2020 20:30:03,2,,,0,False,0,11/06/2020 20:30:45
Team1,M4 Team 1(Clone)1,-13,213,3,0,0,0,0,0,Medium,Sherman,0,0,0,0,0,0,0,0,0,0,M4 Team 2(Clone)2 (UnityEngine.GameObject),0,0,0,313,0,0,0,0,0,0,213,313,3,11/06/2020 20:31:51,4,,,0,False,0,11/06/2020 20:32:33
Team1,M4 Team 1(Clone)2,-66,184,3,0,0,0,0,0,Medium,Sherman,0,0,0,0,0,0,0,0,0,0,M4 Team 2(Clone)1 (UnityEngine.GameObject),0,0,0,366,0,0,0,0,0,0,184,366,3,11/06/2020 20:31:53,3,,,0,False,0,11/06/2020 20:32:40
Team2,M4 Team 2(Clone)5,-15,109,2,0,0,0,0,0,Medium,Sherman,0,0,0,0,0,0,0,0,0,0,M4 Team 1(Clone)3 (UnityEngine.GameObject),0,0,0,315,0,0,0,0,0,0,109,315,2,11/06/2020 20:31:59,8,,,0,False,0,11/06/2020 20:32:57
Team1,M4 Team 1(Clone)4,-29,343,6,0,0,0,0,0,Medium,Sherman,0,0,0,0,0,0,0,0,0,0,M4 Team 2(Clone)4 (UnityEngine.GameObject),0,0,0,329,0,0,0,0,0,0,343,329,6,11/06/2020 20:31:57,5,,,0,False,0,11/06/2020 20:33:00
Team2,M4 Team 2(Clone)7,-6,384,7,0,0,0,0,0,Medium,Sherman,0,0,0,0,0,0,0,0,0,0,M4 Team 1(Clone)9 (UnityEngine.GameObject),0,0,0,306,0,0,0,0,0,0,384,306,7,11/06/2020 20:32:03,12,,,0,False,0,11/06/2020 20:33:32
Team2,M4 Team 2(Clone)8,-23,212,4,0,0,0,0,0,Medium,Sherman,0,0,0,0,0,0,0,0,0,0,M4 Team 1(Clone)9 (UnityEngine.GameObject),0,0,0,323,0,0,0,0,0,0,212,323,4,11/06/2020 20:32:05,16,,,0,False,0,11/06/2020 20:33:48
Team1,M4 Team 1(Clone)1,-26,53,1,0,0,0,0,0,Medium,Sherman,0,0,0,0,0,0,0,0,0,0,M4 Team 2(Clone)4 (UnityEngine.GameObject),0,0,0,326,0,0,0,0,0,0,53,326,1,11/06/2020 20:41:49,2,,,0,False,0,11/06/2020 20:42:32
Team2,M4 Team 2(Clone)1,-68,252,4,0,0,0,0,0,Medium,Sherman,0,0,0,0,0,0,0,0,0,0,M4 Team 1(Clone)4 (UnityEngine.GameObject),0,0,0,368,0,0,0,0,0,0,252,368,4,11/06/2020 20:41:48,4,,,0,False,0,11/06/2020 20:42:37
Team1,M4 Team 1(Clone)2,-6,241,4,0,0,0,0,0,Medium,Sherman,0,0,0,0,0,0,0,0,0,0,M4 Team 2(Clone)6 (UnityEngine.GameObject),0,0,0,306,0,0,0,0,0,0,241,306,4,11/06/2020 20:41:50,4,,,0,False,0,11/06/2020 20:42:40
Team1,M4 Team 1(Clone)3,-39,167,3,0,0,0,0,0,Medium,Sherman,0,0,0,0,0,0,0,0,0,0,M4 Team 2(Clone)3 (UnityEngine.GameObject),0,0,0,339,0,0,0,0,0,0,167,339,3,11/06/2020 20:41:53,3,,,0,False,0,11/06/2020 20:42:41
Team1,M4 Team 1(Clone)5,-40,0,0,0,0,0,0,0,Medium,Sherman,0,0,0,0,0,0,0,0,0,0,M4 Team 2(Clone)4 (UnityEngine.GameObject),0,0,0,340,0,0,0,0,0,0,0,340,0,11/06/2020 20:41:57,4,,,0,False,0,11/06/2020 20:42:47
Team2,M4 Team 2(Clone)4,-12,307,5,0,0,0,0,0,Medium,Sherman,0,0,0,0,0,0,0,0,0,4,M4 Team 1(Clone)6 (UnityEngine.GameObject),0,0,0,312,0,0,0,0,0,0,307,312,5,11/06/2020 20:41:54,6,,,0,False,0,11/06/2020 20:42:51
Team2,M4 Team 2(Clone)2,-5,397,6,0,0,0,0,0,Medium,Sherman,0,0,0,0,0,0,0,0,0,0,M4 Team 1(Clone)6 (UnityEngine.GameObject),0,0,0,305,0,0,0,0,0,0,397,305,6,11/06/2020 20:41:50,11,,,0,False,0,11/06/2020 20:43:16
Team1,M4 Team 1(Clone)6,-57,356,6,0,0,0,0,0,Medium,Sherman,0,0,0,0,0,0,0,0,0,4,M4 Team 2(Clone)3 (UnityEngine.GameObject),0,0,0,357,0,0,0,0,0,0,356,357,6,11/06/2020 20:41:59,6,,,0,False,0,11/06/2020 20:43:36
Team2,M4 Team 2(Clone)6,-72,310,5,0,0,0,0,0,Medium,Sherman,0,0,0,0,0,0,0,0,0,2,M4 Team 1(Clone)8 (UnityEngine.GameObject),0,0,0,372,0,0,0,0,0,0,310,372,5,11/06/2020 20:41:59,15,,,0,False,0,11/06/2020 20:43:38
Team1,M4 Team 1(Clone)8,-13,182,3,0,0,0,0,0,Medium,Sherman,0,0,0,0,0,0,0,0,0,2,M4 Team 2(Clone)3 (UnityEngine.GameObject),0,0,0,313,0,0,0,0,0,0,182,313,3,11/06/2020 20:42:35,7,,,0,False,0,11/06/2020 20:43:47
Team1,M4 Team 1(Clone)9,-9,141,2,0,0,0,0,0,Medium,Sherman,0,0,0,0,0,0,0,0,0,0,M4 Team 2(Clone)7 (UnityEngine.GameObject),0,0,0,309,0,0,0,0,0,0,141,309,2,11/06/2020 20:42:43,9,,,0,False,0,11/06/2020 20:43:56
Team2,M4 Team 2(Clone)12,-12,52,1,0,0,0,0,0,Medium,Sherman,0,0,0,0,0,0,0,0,0,0,M4 Team 1(Clone)13 (UnityEngine.GameObject),0,0,0,312,0,0,0,0,0,0,52,312,1,11/06/2020 20:43:41,7,,,0,False,0,11/06/2020 20:44:34
Team2,M4 Team 2(Clone)11,-11,102,2,0,0,0,0,0,Medium,Sherman,0,0,0,0,0,0,0,0,0,0,M4 Team 1(Clone)7 (UnityEngine.GameObject),0,0,0,311,0,0,0,0,0,0,102,311,2,11/06/2020 20:43:19,16,,,0,False,0,11/06/2020 20:44:50
Team2,M4 Team 2(Clone)8,-65,353,8,0,1,0,0,0,Medium,Sherman,0,0,0,0,0,0,0,0,0,0,M4 Team 1(Clone)13 (UnityEngine.GameObject),0,0,0,525,0,0,0,0,0,0,353,525,8,11/06/2020 20:42:03,59,,,0,False,0,11/06/2020 20:44:59
Team2,M4 Team 2(Clone)13,0,104,2,0,0,0,0,0,Medium,Sherman,0,0,0,0,0,0,0,0,0,0,M4 Team 1(Clone)15 (UnityEngine.GameObject),0,0,0,300,0,0,0,0,0,0,104,300,2,11/06/2020 20:44:37,11,,,0,False,0,11/06/2020 20:45:27
Team2,M4 Team 2(Clone)9,-27,557,10,0,1,0,0,0,Medium,Sherman,0,0,0,0,0,0,0,0,0,0,M4 Team 1(Clone)12 (UnityEngine.GameObject),0,0,0,527,0,0,0,0,0,0,557,527,10,11/06/2020 20:42:41,33,,,0,False,0,11/06/2020 20:46:29
Team1,M4 Team 1(Clone)10,-60,556,9,0,1,0,0,0,Medium,Sherman,0,0,0,0,0,0,0,0,0,0,M4 Team 2(Clone)3 (UnityEngine.GameObject),0,0,0,585,0,0,0,0,0,0,556,585,9,11/06/2020 20:42:45,34,,,0,False,0,11/06/2020 20:46:50
Team2,M4 Team 2(Clone)15,-40,0,0,2,0,2,0,0,Medium,Sherman,0,0,0,0,0,0,0,0,0,0,M4 Team 1(Clone)15 (UnityEngine.GameObject),0,0,0,340,0,0,0,0,0,0,0,340,0,11/06/2020 20:45:03,24,,,0,False,0,11/06/2020 20:47:15
Team2,M4 Team 2(Clone)3,-42,1198,19,0,2,0,0,0,Medium,Sherman,0,0,0,0,0,0,0,0,0,8,M4 Team 1(Clone)11 (UnityEngine.GameObject),0,0,0,792,0,0,0,0,0,0,1198,792,19,11/06/2020 20:41:53,43,,,0,False,0,11/06/2020 20:47:23
Team1,M4 Team 1(Clone)14,0,192,3,9,0,5,4,0,Medium,Sherman,0,0,0,0,0,0,0,0,0,0,M4 Team 2(Clone)14 (UnityEngine.GameObject),0,0,0,300,0,0,0,0,0,0,192,300,3,11/06/2020 20:43:59,35,,,0,False,0,11/06/2020 20:47:26
Team2,M4 Team 2(Clone)7,-47,836,15,0,1,0,0,0,Medium,Sherman,0,0,0,0,0,0,0,0,0,2,M4 Team 1(Clone)11 (UnityEngine.GameObject),0,0,0,557,0,0,0,0,0,0,836,557,15,11/06/2020 20:42:00,60,,,0,False,0,11/06/2020 20:47:30
Team2,M4 Team 2(Clone)17,-60,296,5,0,0,0,0,0,Medium,Sherman,0,0,0,0,0,0,0,0,0,0,M4 Team 1(Clone)17 (UnityEngine.GameObject),0,0,0,360,0,0,0,0,0,0,296,360,5,11/06/2020 20:46:31,18,,,0,False,0,11/06/2020 20:47:59
Team1,M4 Team 1(Clone)7,-60,1059,17,0,3,0,0,0,Medium,Sherman,0,0,0,0,0,0,0,0,0,2,M4 Team 2(Clone)20 (UnityEngine.GameObject),0,0,0,900,0,0,0,0,0,0,1059,900,17,11/06/2020 20:42:01,48,,,0,False,0,11/06/2020 20:48:14
Team2,M4 Team 2(Clone)18,-56,125,2,0,0,0,0,0,Medium,Sherman,0,0,0,0,0,0,0,0,0,0,M4 Team 1(Clone)16 (UnityEngine.GameObject),0,0,0,356,0,0,0,0,0,0,125,356,2,11/06/2020 20:47:18,5,,,0,False,0,11/06/2020 20:48:23
Team2,M4 Team 2(Clone)20,-19,241,4,0,0,0,0,0,Medium,Sherman,0,0,0,0,0,0,0,0,0,2,M4 Team 1(Clone)13 (UnityEngine.GameObject),0,0,0,319,0,0,0,0,0,0,241,319,4,11/06/2020 20:47:32,6,,,0,False,0,11/06/2020 20:48:32
Team1,M4 Team 1(Clone)12,-29,668,11,10,1,5,5,0,Medium,Sherman,0,0,0,0,0,0,0,0,0,2,M4 Team 2(Clone)19 (UnityEngine.GameObject),0,0,0,524,0,0,0,0,0,0,668,524,11,11/06/2020 20:43:39,37,,,0,False,0,11/06/2020 20:48:37
Team1,M4 Team 1(Clone)1,-56,70,1,0,0,0,0,0,Medium,Sherman,0,0,0,0,0,0,0,0,0,0,M4 Team 2(Clone)2 (UnityEngine.GameObject),0,0,0,356,0,0,0,0,0,0,70,356,1,11/06/2020 20:49:46,4,,,0,False,0,11/06/2020 20:50:32
Team1,M4 Team 1(Clone)2,-5,287,5,0,0,0,0,0,Medium,Sherman,0,0,0,0,0,0,0,0,0,0,M4 Team 2(Clone)5 (UnityEngine.GameObject),0,0,0,305,0,0,0,0,0,0,287,305,5,11/06/2020 20:49:48,5,,,0,False,0,11/06/2020 20:50:38
Team2,M4 Team 2(Clone)2,-3,305,5,0,0,0,0,0,Medium,Sherman,0,0,0,0,0,0,0,0,0,2,M4 Team 1(Clone)3 (UnityEngine.GameObject),0,0,0,303,0,0,0,0,0,0,305,303,5,11/06/2020 20:49:48,9,,,0,False,0,11/06/2020 20:50:45
Team2,M4 Team 2(Clone)1,-50,277,5,0,0,0,0,0,Medium,Sherman,0,0,0,0,0,0,0,0,0,0,M4 Team 1(Clone)6 (UnityEngine.GameObject),0,0,0,350,0,0,0,0,0,0,277,350,5,11/06/2020 20:49:46,19,,,0,False,0,11/06/2020 20:50:52
Team2,M4 Team 2(Clone)6,0,90,2,0,0,0,0,0,Medium,Sherman,0,0,0,0,0,0,0,0,0,0,M4 Team 1(Clone)4 (UnityEngine.GameObject),0,0,0,300,0,0,0,0,0,0,90,300,2,11/06/2020 20:49:56,8,,,0,False,0,11/06/2020 20:51:01
Team2,M4 Team 2(Clone)5,-14,181,3,0,0,0,0,0,Medium,Sherman,0,0,0,0,0,0,0,0,0,2,M4 Team 1(Clone)4 (UnityEngine.GameObject),0,0,0,314,0,0,0,0,0,0,181,314,3,11/06/2020 20:49:54,9,,,0,False,0,11/06/2020 20:51:12
Team2,M4 Team 2(Clone)4,-31,171,3,0,0,0,0,0,Medium,Sherman,0,0,0,0,0,0,0,0,0,0,M4 Team 1(Clone)3 (UnityEngine.GameObject),0,0,0,331,0,0,0,0,0,0,171,331,3,11/06/2020 20:49:52,7,,,0,False,0,11/06/2020 20:51:14
Team1,M4 Team 1(Clone)6,-37,672,11,0,0,0,0,0,Medium,Sherman,0,0,0,0,0,0,0,0,0,2,M4 Team 2(Clone)8 (UnityEngine.GameObject),0,0,0,337,0,0,0,0,0,0,672,337,11,11/06/2020 20:49:56,11,,,0,False,0,11/06/2020 20:51:29
Team2,M4 Team 2(Clone)3,-20,342,7,0,0,0,0,0,Medium,Sherman,0,0,0,0,0,0,0,0,0,0,M4 Team 1(Clone)7 (UnityEngine.GameObject),0,0,0,320,0,0,0,0,0,0,342,320,7,11/06/2020 20:49:50,14,,,0,False,0,11/06/2020 20:51:32
Team1,M4 Team 1(Clone)1,-58,55,1,0,0,0,0,0,Medium,Sherman,0,0,0,0,0,0,0,0,0,0,M4 Team 2(Clone)3 (UnityEngine.GameObject),0,0,0,358,0,0,0,0,0,0,55,358,1,11/06/2020 20:59:53,2,,,0,False,0,11/06/2020 21:00:39
Team2,M4 Team 2(Clone)1,-18,180,3,0,0,0,0,0,Medium,Sherman,0,0,0,0,0,0,0,0,0,0,M4 Team 1(Clone)3 (UnityEngine.GameObject),0,0,0,318,0,0,0,0,0,0,180,318,3,11/06/2020 20:59:53,3,,,0,False,0,11/06/2020 21:00:41
Team2,M4 Team 2(Clone)2,-17,178,3,0,0,0,0,0,Medium,Sherman,0,0,0,0,0,0,0,0,0,0,M4 Team 1(Clone)5 (UnityEngine.GameObject),0,0,0,317,0,0,0,0,0,0,178,317,3,11/06/2020 20:59:55,6,,,0,False,0,11/06/2020 21:00:50
Team2,M4 Team 2(Clone)3,-33,221,4,0,0,0,0,0,Medium,Sherman,0,0,0,0,0,0,0,0,0,2,M4 Team 1(Clone)4 (UnityEngine.GameObject),0,0,0,333,0,0,0,0,0,0,221,333,4,11/06/2020 20:59:57,9,,,0,False,0,11/06/2020 21:01:02
Team2,M4 Team 2(Clone)7,0,100,2,0,0,0,0,0,Medium,Sherman,0,0,0,0,0,0,0,0,0,0,M4 Team 1(Clone)2 (UnityEngine.GameObject),0,0,0,300,0,0,0,0,0,0,100,300,2,11/06/2020 21:00:05,7,,,0,False,0,11/06/2020 21:01:15
Team2,M4 Team 2(Clone)4,-3,286,6,0,0,0,0,0,Medium,Sherman,0,0,0,0,0,0,0,0,0,0,M4 Team 1(Clone)5 (UnityEngine.GameObject),0,0,0,303,0,0,0,0,0,0,286,303,6,11/06/2020 20:59:59,10,,,0,False,0,11/06/2020 21:01:19
Team2,M4 Team 2(Clone)6,-10,64,2,0,0,0,0,0,Medium,Sherman,0,0,0,0,0,0,0,0,0,0,M4 Team 1(Clone)5 (UnityEngine.GameObject),0,0,0,310,0,0,0,0,0,0,64,310,2,11/06/2020 21:00:03,10,,,0,False,0,11/06/2020 21:01:29
Team2,M4 Team 2(Clone)8,-30,52,2,0,0,0,0,0,Medium,Sherman,0,0,0,0,0,0,0,0,0,0,M4 Team 1(Clone)5 (UnityEngine.GameObject),0,0,0,330,0,0,0,0,0,0,52,330,2,11/06/2020 21:00:07,9,,,0,False,0,11/06/2020 21:01:34
Team2,M4 Team 2(Clone)9,-2,195,3,0,0,0,0,0,Medium,Sherman,0,0,0,0,0,0,0,0,0,0,M4 Team 1(Clone)6 (UnityEngine.GameObject),0,0,0,302,0,0,0,0,0,0,195,302,3,11/06/2020 21:00:44,5,,,0,False,0,11/06/2020 21:01:37
Team2,M4 Team 2(Clone)10,-27,92,2,0,0,0,0,0,Medium,Sherman,0,0,0,0,0,0,0,0,0,0,M4 Team 1(Clone)8 (UnityEngine.GameObject),0,0,0,327,0,0,0,0,0,0,92,327,2,11/06/2020 21:00:54,4,,,0,False,0,11/06/2020 21:01:51
Team1,M4 Team 1(Clone)5,-5,878,14,0,0,0,0,0,Medium,Sherman,0,0,0,0,0,0,0,0,0,8,M4 Team 2(Clone)11 (UnityEngine.GameObject),0,0,0,305,0,0,0,0,0,0,878,305,14,11/06/2020 21:00:01,20,,,0,False,0,11/06/2020 21:02:11
Team2,M4 Team 2(Clone)12,-4,169,3,0,0,0,0,0,Medium,Sherman,0,0,0,0,0,0,0,0,0,0,M4 Team 1(Clone)7 (UnityEngine.GameObject),0,0,0,304,0,0,0,0,0,0,169,304,3,11/06/2020 21:01:18,10,,,0,False,0,11/06/2020 21:02:17
Team1,M4 Team 1(Clone)4,-10,653,11,0,0,0,0,0,Medium,Sherman,0,0,0,0,0,0,0,0,0,2,M4 Team 2(Clone)13 (UnityEngine.GameObject),0,0,0,310,0,0,0,0,0,0,653,310,11,11/06/2020 20:59:59,25,,,0,False,0,11/06/2020 21:02:24
Team2,M4 Team 2(Clone)11,-42,316,6,0,0,0,0,0,Medium,Sherman,0,0,0,0,0,0,0,0,0,2,M4 Team 1(Clone)8 (UnityEngine.GameObject),0,0,0,342,0,0,0,0,0,0,316,342,6,11/06/2020 21:01:06,15,,,0,False,0,11/06/2020 21:02:27
Team2,M4 Team 2(Clone)1,-25,236,4,0,0,0,0,0,Medium,Sherman,0,0,0,0,0,0,0,0,0,0,M4 Team 1(Clone)3 (UnityEngine.GameObject),0,0,0,325,0,0,0,0,0,0,236,325,4,11/06/2020 21:05:27,3,,,0,False,0,11/06/2020 21:06:11
Team1,M4 Team 1(Clone)2,-46,56,1,0,0,0,0,0,Medium,Sherman,0,0,0,0,0,0,0,0,0,0,M4 Team 2(Clone)6 (UnityEngine.GameObject),0,0,0,346,0,0,0,0,0,0,56,346,1,11/06/2020 21:05:29,3,,,0,False,0,11/06/2020 21:06:13
Team2,M4 Team 2(Clone)4,-12,68,2,0,0,0,0,0,Medium,Sherman,0,0,0,0,0,0,0,0,0,0,M4 Team 1(Clone)5 (UnityEngine.GameObject),0,0,0,312,0,0,0,0,0,0,68,312,2,11/06/2020 21:05:33,4,,,0,False,0,11/06/2020 21:06:25
Team2,M4 Team 2(Clone)2,-13,193,3,0,0,0,0,0,Medium,Sherman,0,0,0,0,0,0,0,0,0,0,M4 Team 1(Clone)6 (UnityEngine.GameObject),0,0,0,313,0,0,0,0,0,0,193,313,3,11/06/2020 21:05:29,11,,,0,False,0,11/06/2020 21:06:26
Team1,M4 Team 1(Clone)5,0,259,4,0,0,0,0,0,Medium,Sherman,0,0,0,0,0,0,0,0,0,2,M4 Team 2(Clone)3 (UnityEngine.GameObject),0,0,0,300,0,0,0,0,0,0,259,300,4,11/06/2020 21:05:35,4,,,0,False,0,11/06/2020 21:06:31
Team2,M4 Team 2(Clone)6,-13,158,3,0,0,0,0,0,Medium,Sherman,0,0,0,0,0,0,0,0,0,2,M4 Team 1(Clone)3 (UnityEngine.GameObject),0,0,0,313,0,0,0,0,0,0,158,313,3,11/06/2020 21:05:37,4,,,0,False,0,11/06/2020 21:06:31
Team2,M4 Team 2(Clone)1,-24,190,3,0,0,0,0,0,Medium,Sherman,0,0,0,0,0,0,0,0,0,0,M4 Team 1(Clone)4 (UnityEngine.GameObject),0,0,0,324,0,0,0,0,0,0,190,324,3,11/06/2020 21:08:43,7,,,0,False,0,11/06/2020 21:09:30
Team1,M4 Team 1(Clone)1,-5,128,2,0,0,0,0,0,Medium,Sherman,0,0,0,0,0,0,0,0,0,0,M4 Team 2(Clone)4 (UnityEngine.GameObject),0,0,0,305,0,0,0,0,0,0,128,305,2,11/06/2020 21:08:43,6,,,0,False,0,11/06/2020 21:09:30
Team1,M4 Team 1(Clone)2,-1,142,2,0,0,0,0,0,Medium,Sherman,0,0,0,0,0,0,0,0,0,0,M4 Team 2(Clone)5 (UnityEngine.GameObject),0,0,0,301,0,0,0,0,0,0,142,301,2,11/06/2020 21:08:45,3,,,0,False,0,11/06/2020 21:09:35
Team2,M4 Team 2(Clone)2,-54,241,4,0,0,0,0,0,Medium,Sherman,0,0,0,0,0,0,0,0,0,0,M4 Team 1(Clone)5 (UnityEngine.GameObject),0,0,0,354,0,0,0,0,0,0,241,354,4,11/06/2020 21:08:45,4,,,0,False,0,11/06/2020 21:09:40
Team2,M4 Team 2(Clone)3,-14,218,4,0,0,0,0,0,Medium,Sherman,0,0,0,0,0,0,0,0,0,0,M4 Team 1(Clone)3 (UnityEngine.GameObject),0,0,0,314,0,0,0,0,0,0,218,314,4,11/06/2020 21:08:47,6,,,0,False,0,11/06/2020 21:09:47
Team2,M4 Team 2(Clone)4,-50,168,3,0,0,0,0,0,Medium,Sherman,0,0,0,0,0,0,0,0,0,2,M4 Team 1(Clone)6 (UnityEngine.GameObject),0,0,0,350,0,0,0,0,0,0,168,350,3,11/06/2020 21:08:49,8,,,0,False,0,11/06/2020 21:09:48
Team2,M4 Team 2(Clone)7,-13,172,4,0,0,0,0,0,Medium,Sherman,0,0,0,0,0,0,0,0,0,0,M4 Team 1(Clone)3 (UnityEngine.GameObject),0,0,0,313,0,0,0,0,0,0,172,313,4,11/06/2020 21:08:55,8,,,0,False,0,11/06/2020 21:09:58
Team1,M4 Team 1(Clone)4,-21,308,5,0,0,0,0,0,Medium,Sherman,0,0,0,0,0,0,0,0,0,2,M4 Team 2(Clone)8 (UnityEngine.GameObject),0,0,0,321,0,0,0,0,0,0,308,321,5,11/06/2020 21:08:49,9,,,0,False,0,11/06/2020 21:10:15
Team2,M4 Team 2(Clone)8,-17,300,7,0,0,0,0,0,Medium,Sherman,0,0,0,0,0,0,0,0,0,2,M4 Team 1(Clone)5 (UnityEngine.GameObject),0,0,0,317,0,0,0,0,0,0,300,317,7,11/06/2020 21:08:57,14,,,0,False,0,11/06/2020 21:10:19
Team2,M4 Team 2(Clone)9,-12,32,1,0,0,0,0,0,Medium,Sherman,0,0,0,0,0,0,0,0,0,0,M4 Team 1(Clone)6 (UnityEngine.GameObject),0,0,0,312,0,0,0,0,0,0,32,312,1,11/06/2020 21:09:34,3,,,0,False,0,11/06/2020 21:10:24
Team1,M4 Team 1(Clone)6,-6,839,14,0,0,0,0,0,Medium,Sherman,0,0,0,0,0,0,0,0,0,4,M4 Team 2(Clone)10 (UnityEngine.GameObject),0,0,0,306,0,0,0,0,0,0,839,306,14,11/06/2020 21:08:53,17,,,0,False,0,11/06/2020 21:10:36
Team1,M4 Team 1(Clone)3,-5,759,12,1,0,0,1,0,Medium,Sherman,0,0,0,0,0,0,0,0,0,4,M4 Team 2(Clone)11 (UnityEngine.GameObject),0,0,0,305,0,0,0,0,0,0,759,305,12,11/06/2020 21:08:47,19,,,0,False,0,11/06/2020 21:10:37
Team2,M4 Team 2(Clone)12,-5,337,5,0,0,0,0,0,Medium,Sherman,0,0,0,0,0,0,0,0,0,0,M4 Team 1(Clone)10 (UnityEngine.GameObject),0,0,0,305,0,0,0,0,0,0,337,305,5,11/06/2020 21:09:52,10,,,0,False,0,11/06/2020 21:11:10
Team1,M4 Team 1(Clone)10,-15,222,4,0,0,0,0,0,Medium,Sherman,0,0,0,0,0,0,0,0,0,2,M4 Team 2(Clone)13 (UnityEngine.GameObject),0,0,0,315,0,0,0,0,0,0,222,315,4,11/06/2020 21:10:18,4,,,0,False,0,11/06/2020 21:11:12
Team1,M4 Team 1(Clone)8,-27,0,0,0,0,0,0,0,Medium,Sherman,0,0,0,0,0,0,0,0,0,0,M4 Team 2(Clone)5 (UnityEngine.GameObject),0,0,0,327,0,0,0,0,0,0,0,327,0,11/06/2020 21:09:34,7,,,0,False,0,11/06/2020 21:11:21
Team2,M4 Team 2(Clone)5,-59,262,4,0,1,0,0,0,Medium,Sherman,0,0,0,0,0,0,0,0,0,4,M4 Team 1(Clone)5 (UnityEngine.GameObject),0,0,0,519,0,0,0,0,0,0,262,519,4,11/06/2020 21:08:51,21,,,0,False,0,11/06/2020 21:11:29
Team1,M4 Team 1(Clone)11,-12,266,4,0,0,0,0,0,Medium,Sherman,0,0,0,0,0,0,0,0,0,0,M4 Team 2(Clone)15 (UnityEngine.GameObject),0,0,0,312,0,0,0,0,0,0,266,312,4,11/06/2020 21:10:20,11,,,0,False,0,11/06/2020 21:11:29
Team1,M4 Team 1(Clone)5,-13,941,15,0,1,0,0,0,Medium,Sherman,0,0,0,0,0,0,0,0,0,6,M4 Team 2(Clone)14 (UnityEngine.GameObject),0,0,0,538,0,0,0,0,0,0,941,538,15,11/06/2020 21:08:51,16,,,0,False,0,11/06/2020 21:11:43
Team1,M4 Team 1(Clone)12,-25,327,5,0,0,0,0,0,Medium,Sherman,0,0,0,0,0,0,0,0,0,0,M4 Team 2(Clone)15 (UnityEngine.GameObject),0,0,0,325,0,0,0,0,0,0,327,325,5,11/06/2020 21:10:40,7,,,0,False,0,11/06/2020 21:11:46
Team1,M4 Team 1(Clone)9,-24,56,1,6,0,0,5,1,Medium,Sherman,0,0,0,0,0,0,0,0,0,0,M4 Team 2(Clone)6 (UnityEngine.GameObject),0,0,0,324,0,0,0,0,0,0,56,324,1,11/06/2020 21:09:38,7,,,0,False,0,11/06/2020 21:11:52
Team1,M4 Team 1(Clone)13,-56,127,2,0,0,0,0,0,Medium,Sherman,0,0,0,0,0,0,0,0,0,0,M4 Team 2(Clone)13 (UnityEngine.GameObject),0,0,0,356,0,0,0,0,0,0,127,356,2,11/06/2020 21:10:42,6,,,0,False,0,11/06/2020 21:12:03
Team1,M4 Team 1(Clone)15,-26,74,1,0,0,0,0,0,Medium,Sherman,0,0,0,0,0,0,0,0,0,0,M4 Team 2(Clone)13 (UnityEngine.GameObject),0,0,0,326,0,0,0,0,0,0,74,326,1,11/06/2020 21:11:24,4,,,0,False,0,11/06/2020 21:12:15
Team1,M4 Team 1(Clone)1,-47,53,1,0,0,0,0,0,Medium,Sherman,0,0,0,0,0,0,0,0,0,0,M4 Team 2(Clone)2 (UnityEngine.GameObject),0,0,0,347,0,0,0,0,0,0,53,347,1,11/06/2020 21:16:06,3,,,0,False,0,11/06/2020 21:16:51
Team2,M4 Team 2(Clone)1,-22,120,2,0,0,0,0,0,Medium,Sherman,0,0,0,0,0,0,0,0,0,0,M4 Team 1(Clone)2 (UnityEngine.GameObject),0,0,0,322,0,0,0,0,0,0,120,322,2,11/06/2020 21:16:06,3,,,0,False,0,11/06/2020 21:16:52
Team1,M4 Team 1(Clone)3,-11,301,5,0,0,0,0,0,Medium,Sherman,0,0,0,0,0,0,0,0,0,0,M4 Team 2(Clone)5 (UnityEngine.GameObject),0,0,0,311,0,0,0,0,0,0,301,311,5,11/06/2020 21:16:10,4,,,0,False,0,11/06/2020 21:16:58
Team2,M4 Team 2(Clone)5,-23,224,4,0,0,0,0,0,Medium,Sherman,0,0,0,0,0,0,0,0,0,2,M4 Team 1(Clone)4 (UnityEngine.GameObject),0,0,0,323,0,0,0,0,0,0,224,323,4,11/06/2020 21:16:14,9,,,0,False,0,11/06/2020 21:17:25
Team1,M4 Team 1(Clone)2,-29,508,8,0,0,0,0,0,Medium,Sherman,0,0,0,0,0,0,0,0,0,2,M4 Team 2(Clone)7 (UnityEngine.GameObject),0,0,0,329,0,0,0,0,0,0,508,329,8,11/06/2020 21:16:08,9,,,0,False,0,11/06/2020 21:17:25
Team1,M4 Team 1(Clone)5,-26,115,2,0,0,0,0,0,Medium,Sherman,0,0,0,0,0,0,0,0,0,0,M4 Team 2(Clone)4 (UnityEngine.GameObject),0,0,0,326,0,0,0,0,0,0,115,326,2,11/06/2020 21:16:14,5,,,0,False,0,11/06/2020 21:17:27
Team2,M4 Team 2(Clone)3,-4,394,8,0,0,0,0,0,Medium,Sherman,0,0,0,0,0,0,0,0,0,0,M4 Team 1(Clone)6 (UnityEngine.GameObject),0,0,0,304,0,0,0,0,0,0,394,304,8,11/06/2020 21:16:10,11,,,0,False,0,11/06/2020 21:17:31
Team1,M4 Team 1(Clone)4,-46,491,8,0,0,0,0,0,Medium,Sherman,0,0,0,0,0,0,0,0,0,2,M4 Team 2(Clone)6 (UnityEngine.GameObject),0,0,0,346,0,0,0,0,0,0,491,346,8,11/06/2020 21:16:12,11,,,0,False,0,11/06/2020 21:17:37
Team1,M4 Team 1(Clone)6,-30,196,3,0,0,0,0,0,Medium,Sherman,0,0,0,0,0,0,0,0,0,2,M4 Team 2(Clone)4 (UnityEngine.GameObject),0,0,0,330,0,0,0,0,0,0,196,330,3,11/06/2020 21:16:16,9,,,0,False,0,11/06/2020 21:17:42
Team2,M4 Team 2(Clone)4,-5,573,9,0,0,0,0,0,Medium,Sherman,0,0,0,0,0,0,0,0,0,4,M4 Team 1(Clone)10 (UnityEngine.GameObject),0,0,0,305,0,0,0,0,0,0,573,305,9,11/06/2020 21:16:12,12,,,0,False,0,11/06/2020 21:17:50
Team1,M4 Team 1(Clone)8,-10,210,3,0,0,0,0,0,Medium,Sherman,0,0,0,0,0,0,0,0,0,0,M4 Team 2(Clone)6 (UnityEngine.GameObject),0,0,0,310,0,0,0,0,0,0,210,310,3,11/06/2020 21:16:54,7,,,0,False,0,11/06/2020 21:17:53
Team2,M4 Team 2(Clone)8,-22,298,5,0,0,0,0,0,Medium,Sherman,0,0,0,0,0,0,0,0,0,0,M4 Team 1(Clone)10 (UnityEngine.GameObject),0,0,0,322,0,0,0,0,0,0,298,322,5,11/06/2020 21:16:20,14,,,0,False,0,11/06/2020 21:17:58
Team2,M4 Team 2(Clone)11,-3,194,3,0,0,0,0,0,Medium,Sherman,0,0,0,0,0,0,0,0,0,0,M4 Team 1(Clone)12 (UnityEngine.GameObject),0,0,0,303,0,0,0,0,0,0,194,303,3,11/06/2020 21:17:34,5,,,0,False,0,11/06/2020 21:18:25
Team2,M4 Team 2(Clone)2,-8,196,3,0,0,0,0,0,Medium,Sherman,0,0,0,0,0,0,0,0,0,0,M4 Team 1(Clone)2 (UnityEngine.GameObject),0,0,0,308,0,0,0,0,0,0,196,308,3,11/06/2020 21:18:58,6,,,0,False,0,11/06/2020 21:19:44
Team1,M4 Team 1(Clone)1,-4,236,4,0,0,0,0,0,Medium,Sherman,0,0,0,0,0,0,0,0,0,0,M4 Team 2(Clone)1 (UnityEngine.GameObject),0,0,0,304,0,0,0,0,0,0,236,304,4,11/06/2020 21:18:56,5,,,0,False,0,11/06/2020 21:19:44
Team1,M4 Team 1(Clone)2,-28,243,4,0,0,0,0,0,Medium,Sherman,0,0,0,0,0,0,0,0,0,2,M4 Team 2(Clone)1 (UnityEngine.GameObject),0,0,0,328,0,0,0,0,0,0,243,328,4,11/06/2020 21:18:58,5,,,0,False,0,11/06/2020 21:19:48
Team2,M4 Team 2(Clone)3,-46,510,9,0,0,0,0,0,Medium,Sherman,0,0,0,0,0,0,0,0,0,0,M4 Team 1(Clone)3 (UnityEngine.GameObject),0,0,0,346,0,0,0,0,0,0,510,346,9,11/06/2020 21:19:00,10,,,0,False,0,11/06/2020 21:20:00
Team2,M4 Team 2(Clone)5,-17,112,3,0,0,0,0,0,Medium,Sherman,0,0,0,0,0,0,0,0,0,0,M4 Team 1(Clone)5 (UnityEngine.GameObject),0,0,0,317,0,0,0,0,0,0,112,317,3,11/06/2020 21:19:04,6,,,0,False,0,11/06/2020 21:20:03
Team1,M4 Team 1(Clone)4,-12,126,2,0,0,0,0,0,Medium,Sherman,0,0,0,0,0,0,0,0,0,0,M4 Team 2(Clone)6 (UnityEngine.GameObject),0,0,0,312,0,0,0,0,0,0,126,312,2,11/06/2020 21:19:02,11,,,0,False,0,11/06/2020 21:20:05
Team2,M4 Team 2(Clone)1,-5,204,3,0,0,0,0,0,Medium,Sherman,0,0,0,0,0,0,0,0,0,0,M4 Team 1(Clone)2 (UnityEngine.GameObject),0,0,0,305,0,0,0,0,0,0,204,305,3,11/06/2020 21:25:00,4,,,0,False,0,11/06/2020 21:25:42
Team1,M4 Team 1(Clone)1,-33,232,4,0,0,0,0,0,Medium,Sherman,0,0,0,0,0,0,0,0,0,0,M4 Team 2(Clone)4 (UnityEngine.GameObject),0,0,0,333,0,0,0,0,0,0,232,333,4,11/06/2020 21:25:00,7,,,0,False,0,11/06/2020 21:25:45
Team2,M4 Team 2(Clone)2,-15,157,4,0,0,0,0,0,Medium,Sherman,0,0,0,0,0,0,0,0,0,0,M4 Team 1(Clone)2 (UnityEngine.GameObject),0,0,0,315,0,0,0,0,0,0,157,315,4,11/06/2020 21:25:02,5,,,0,False,0,11/06/2020 21:25:56
Team2,M4 Team 2(Clone)3,-19,35,1,0,0,0,0,0,Medium,Sherman,0,0,0,0,0,0,0,0,0,0,M4 Team 1(Clone)5 (UnityEngine.GameObject),0,0,0,319,0,0,0,0,0,0,35,319,1,11/06/2020 21:25:04,5,,,0,False,0,11/06/2020 21:26:02
Team2,M4 Team 2(Clone)5,-8,141,5,0,0,0,0,0,Medium,Sherman,0,0,0,0,0,0,0,0,0,0,M4 Team 1(Clone)4 (UnityEngine.GameObject),0,0,0,308,0,0,0,0,0,0,141,308,5,11/06/2020 21:25:08,9,,,0,False,0,11/06/2020 21:26:10
Team2,M4 Team 2(Clone)6,-32,189,5,0,0,0,0,0,Medium,Sherman,0,0,0,0,0,0,0,0,0,0,M4 Team 1(Clone)5 (UnityEngine.GameObject),0,0,0,332,0,0,0,0,0,0,189,332,5,11/06/2020 21:25:10,7,,,0,False,0,11/06/2020 21:26:18
Team2,M4 Team 2(Clone)8,-8,236,4,0,0,0,0,0,Medium,Sherman,0,0,0,0,0,0,0,0,0,0,M4 Team 1(Clone)6 (UnityEngine.GameObject),0,0,0,308,0,0,0,0,0,0,236,308,4,11/06/2020 21:25:14,11,,,0,False,0,11/06/2020 21:26:28
Team2,M4 Team 2(Clone)7,-22,370,6,0,0,0,0,0,Medium,Sherman,0,0,0,0,0,0,0,0,0,0,M4 Team 1(Clone)5 (UnityEngine.GameObject),0,0,0,322,0,0,0,0,0,0,370,322,6,11/06/2020 21:25:12,9,,,0,False,0,11/06/2020 21:26:34
Team2,M4 Team 2(Clone)9,-2,0,0,0,0,0,0,0,Medium,Sherman,0,0,0,0,0,0,0,0,0,0,M4 Team 1(Clone)6 (UnityEngine.GameObject),0,0,0,302,0,0,0,0,0,0,0,302,0,11/06/2020 21:25:44,4,,,0,False,0,11/06/2020 21:26:43
Team1,M4 Team 1(Clone)6,-17,530,9,0,0,0,0,0,Medium,Sherman,0,0,0,0,0,0,0,0,0,4,M4 Team 2(Clone)4 (UnityEngine.GameObject),0,0,0,317,0,0,0,0,0,0,530,317,9,11/06/2020 21:25:10,17,,,0,False,0,11/06/2020 21:26:55
Team1,M4 Team 1(Clone)8,-28,0,0,0,0,0,0,0,Medium,Sherman,0,0,0,0,0,0,0,0,0,0,M4 Team 2(Clone)14 (UnityEngine.GameObject),0,0,0,328,0,0,0,0,0,0,0,328,0,11/06/2020 21:25:48,4,,,0,False,0,11/06/2020 21:27:00
Team1,M4 Team 1(Clone)5,-21,615,10,0,0,0,0,0,Medium,Sherman,0,0,0,0,0,0,0,0,0,6,M4 Team 2(Clone)14 (UnityEngine.GameObject),0,0,0,321,0,0,0,0,0,0,615,321,10,11/06/2020 21:25:08,17,,,0,False,0,11/06/2020 21:27:03
Team1,M4 Team 1(Clone)1,-1,130,2,0,0,0,0,0,Medium,Sherman,0,0,0,0,0,0,0,0,0,0,M4 Team 2(Clone)1 (UnityEngine.GameObject),0,0,0,301,0,0,0,0,0,0,130,301,2,11/06/2020 21:31:11,3,,,0,False,0,11/06/2020 21:31:56
Team2,M4 Team 2(Clone)1,-24,118,2,0,0,0,0,0,Medium,Sherman,0,0,0,0,0,0,0,0,0,2,M4 Team 1(Clone)2 (UnityEngine.GameObject),0,0,0,324,0,0,0,0,0,0,118,324,2,11/06/2020 21:31:11,3,,,0,False,0,11/06/2020 21:32:01
Team1,M4 Team 1(Clone)3,-16,166,3,0,0,0,0,0,Medium,Sherman,0,0,0,0,0,0,0,0,0,0,M4 Team 2(Clone)6 (UnityEngine.GameObject),0,0,0,316,0,0,0,0,0,0,166,316,3,11/06/2020 21:31:15,4,,,0,False,0,11/06/2020 21:32:05
Team2,M4 Team 2(Clone)3,-23,121,2,0,0,0,0,0,Medium,Sherman,0,0,0,0,0,0,0,0,0,0,M4 Team 1(Clone)2 (UnityEngine.GameObject),0,0,0,323,0,0,0,0,0,0,121,323,2,11/06/2020 21:31:15,4,,,0,False,0,11/06/2020 21:32:06
Team2,M4 Team 2(Clone)2,-58,273,6,0,0,0,0,0,Medium,Sherman,0,0,0,0,0,0,0,0,0,0,M4 Team 1(Clone)6 (UnityEngine.GameObject),0,0,0,358,0,0,0,0,0,0,273,358,6,11/06/2020 21:31:13,11,,,0,False,0,11/06/2020 21:32:20
Team2,M4 Team 2(Clone)1,-17,131,2,0,0,0,0,0,Medium,Sherman,0,0,0,0,0,0,0,0,0,0,M4 Team 1(Clone)2 (UnityEngine.GameObject),0,0,0,317,0,0,0,0,0,0,131,317,2,11/06/2020 21:36:19,4,,,0,False,0,11/06/2020 21:37:05
Team2,M4 Team 2(Clone)2,-26,206,5,0,0,0,0,0,Medium,Sherman,0,0,0,0,0,0,0,0,0,0,M4 Team 1(Clone)3 (UnityEngine.GameObject),0,0,0,326,0,0,0,0,0,0,206,326,5,11/06/2020 21:36:21,8,,,0,False,0,11/06/2020 21:37:14
Team2,M4 Team 2(Clone)5,-5,75,2,0,0,0,0,0,Medium,Sherman,0,0,0,0,0,0,0,0,0,0,M4 Team 1(Clone)2 (UnityEngine.GameObject),0,0,0,305,0,0,0,0,0,0,75,305,2,11/06/2020 21:36:27,5,,,0,False,0,11/06/2020 21:37:14
Team1,M4 Team 1(Clone)1,-18,203,3,0,0,0,0,0,Medium,Sherman,0,0,0,0,0,0,0,0,0,0,M4 Team 2(Clone)7 (UnityEngine.GameObject),0,0,0,318,0,0,0,0,0,0,203,318,3,11/06/2020 21:36:19,5,,,0,False,0,11/06/2020 21:37:19
Team1,M4 Team 1(Clone)2,-12,443,7,0,0,0,0,0,Medium,Sherman,0,0,0,0,0,0,0,0,0,4,M4 Team 2(Clone)6 (UnityEngine.GameObject),0,0,0,312,0,0,0,0,0,0,443,312,7,11/06/2020 21:36:21,18,,,0,False,0,11/06/2020 21:37:24
Team2,M4 Team 2(Clone)3,-44,309,7,0,0,0,0,0,Medium,Sherman,0,0,0,0,0,0,0,0,0,0,M4 Team 1(Clone)3 (UnityEngine.GameObject),0,0,0,344,0,0,0,0,0,0,309,344,7,11/06/2020 21:36:23,10,,,0,False,0,11/06/2020 21:37:35
Team2,M4 Team 2(Clone)3,-35,132,2,0,0,0,0,0,Medium,Sherman,0,0,0,0,0,0,0,0,0,0,M4 Team 1(Clone)1 (UnityEngine.GameObject),0,0,0,335,0,0,0,0,0,0,132,335,2,11/06/2020 22:04:14,6,,,0,False,0,11/06/2020 22:04:57
Team1,M4 Team 1(Clone)2,-53,61,1,0,0,0,0,0,Medium,Sherman,0,0,0,0,0,0,0,0,0,0,M4 Team 2(Clone)8 (UnityEngine.GameObject),0,0,0,353,0,0,0,0,0,0,61,353,1,11/06/2020 22:04:12,4,,,0,False,0,11/06/2020 22:05:07
Team2,M4 Team 2(Clone)6,-30,338,5,0,0,0,0,0,Medium,Sherman,0,0,0,0,0,0,0,0,0,0,M4 Team 1(Clone)4 (UnityEngine.GameObject),0,0,0,330,0,0,0,0,0,0,338,330,5,11/06/2020 22:04:20,4,,,0,False,0,11/06/2020 22:05:14
Team2,M4 Team 2(Clone)4,-42,161,3,0,0,0,0,0,Medium,Sherman,0,0,0,0,0,0,0,0,0,0,M4 Team 1(Clone)6 (UnityEngine.GameObject),0,0,0,342,0,0,0,0,0,0,161,342,3,11/06/2020 22:04:16,14,,,0,False,0,11/06/2020 22:05:40
Team1,M4 Team 1(Clone)4,-3,382,6,0,0,0,0,0,Medium,Sherman,0,0,0,0,0,0,0,0,0,2,M4 Team 2(Clone)2 (UnityEngine.GameObject),0,0,0,303,0,0,0,0,0,0,382,303,6,11/06/2020 22:04:16,15,,,0,False,0,11/06/2020 22:05:54
Team2,M4 Team 2(Clone)2,-25,653,10,0,0,0,0,0,Medium,Sherman,0,0,0,0,0,0,0,0,0,1,M4 Team 1(Clone)6 (UnityEngine.GameObject),0,0,0,325,0,0,0,0,0,0,653,325,10,11/06/2020 22:04:12,18,,,0,False,0,11/06/2020 22:05:55
Team2,M4 Team 2(Clone)5,-51,0,0,0,0,0,0,0,Medium,Sherman,0,0,0,0,0,0,0,0,0,0,M4 Team 1(Clone)3 (UnityEngine.GameObject),0,0,0,351,0,0,0,0,0,0,0,351,0,11/06/2020 22:04:18,25,,,0,False,0,11/06/2020 22:06:25
Team1,M4 Team 1(Clone)1,-20,179,3,0,0,0,0,0,Medium,Sherman,0,0,0,0,0,0,0,0,0,1,M4 Team 2(Clone)3 (UnityEngine.GameObject),0,0,0,320,0,0,0,0,0,0,179,320,3,11/06/2020 22:35:56,5,,,0,False,0,11/06/2020 22:36:44
Team2,M4 Team 2(Clone)3,-9,247,4,0,0,0,0,0,Medium,Sherman,0,0,0,0,0,0,0,0,0,1,M4 Team 1(Clone)1 (UnityEngine.GameObject),0,0,0,309,0,0,0,0,0,0,247,309,4,11/06/2020 22:36:00,5,,,0,False,0,11/06/2020 22:36:44
Team1,M4 Team 1(Clone)6,-36,121,2,0,0,0,0,0,Medium,Sherman,0,0,0,0,0,0,0,0,0,0,Tank Team2(Clone)3 (UnityEngine.GameObject),0,0,0,336,0,0,0,0,0,0,121,336,2,11/06/2020 22:42:12,3,,,0,False,0,11/06/2020 22:43:34
Team1,M4 Team 1(Clone)2,-7,469,7,0,0,0,0,0,Medium,Sherman,0,0,0,0,0,0,0,0,0,2,M4 Team 2(Clone)5 (UnityEngine.GameObject),0,0,0,307,0,0,0,0,0,0,469,307,7,11/06/2020 22:42:04,20,,,0,False,0,11/06/2020 22:44:59
Team1,M4 Team 1(Clone)1,-16,253,4,0,0,0,0,0,Medium,Sherman,0,0,0,0,0,0,0,0,0,0,M4 Team 2(Clone)6 (UnityEngine.GameObject),0,0,0,316,0,0,0,0,0,0,253,316,4,11/06/2020 22:42:02,4,,,0,False,0,11/06/2020 22:45:21
Team1,M4 Team 1(Clone)5,-10,191,3,0,0,0,0,0,Medium,Sherman,0,0,0,0,0,0,0,0,0,0,M4 Team 2(Clone)6 (UnityEngine.GameObject),0,0,0,310,0,0,0,0,0,0,191,310,3,11/06/2020 22:42:10,7,,,0,False,0,11/06/2020 22:45:39
Team1,M4 Team 1(Clone)1,-35,0,0,0,0,0,0,0,Medium,Sherman,0,0,0,1,0,0,0,0,0,0,M4 Team 2(Clone)2 (UnityEngine.GameObject),0,0,0,335,0,0,0,0,0,0,0,335,0,11/06/2020 22:50:36,0,,,0,False,0,11/06/2020 22:57:18
Team2,M4 Team 2(Clone)1,0,333,5,0,0,0,0,0,Medium,Sherman,0,0,0,0,0,0,0,0,0,0,M4 Team 1(Clone)2 (UnityEngine.GameObject),0,0,0,300,0,0,0,0,0,0,333,300,5,11/06/2020 22:50:36,6,,,0,False,0,11/06/2020 22:58:35
Team2,M4 Team 2(Clone)1,-8,250,4,0,0,0,0,0,Medium,Sherman,0,0,0,0,0,0,0,0,0,1,M4 Team 1(Clone)3 (UnityEngine.GameObject),0,0,0,308,0,0,0,0,0,0,250,308,4,12/06/2020 11:17:44,9,,,0,False,0,12/06/2020 11:18:28
Team1,M4 Team 1(Clone)1,-8,126,2,0,0,0,0,0,Medium,Sherman,0,0,0,0,0,0,0,0,0,0,M4 Team 2(Clone)1 (UnityEngine.GameObject),0,0,0,308,0,0,0,0,0,0,126,308,2,12/06/2020 11:17:44,5,,,0,False,0,12/06/2020 11:18:29
Team1,M4 Team 1(Clone)3,-54,114,2,0,0,0,0,0,Medium,Sherman,0,0,0,0,0,0,0,0,0,2,M4 Team 2(Clone)2 (UnityEngine.GameObject),0,0,0,354,0,0,0,0,0,0,114,354,2,12/06/2020 11:17:48,2,,,0,False,0,12/06/2020 11:18:36
Team2,M4 Team 2(Clone)2,-60,339,6,0,0,0,0,0,Medium,Sherman,0,0,0,0,0,0,0,0,0,2,M4 Team 1(Clone)6 (UnityEngine.GameObject),0,0,0,360,0,0,0,0,0,0,339,360,6,12/06/2020 11:17:46,6,,,0,False,0,12/06/2020 11:18:51
Team2,M4 Team 2(Clone)4,-8,433,7,0,0,0,0,0,Medium,Sherman,0,0,0,0,0,0,0,0,0,0,M4 Team 1(Clone)4 (UnityEngine.GameObject),0,0,0,308,0,0,0,0,0,0,433,308,7,12/06/2020 11:17:50,5,,,0,False,0,12/06/2020 11:18:54
Team1,M4 Team 1(Clone)2,-61,358,6,0,0,0,0,0,Medium,Sherman,0,0,0,0,0,0,0,0,0,0,M4 Team 2(Clone)6 (UnityEngine.GameObject),0,0,0,361,0,0,0,0,0,0,358,361,6,12/06/2020 11:17:46,17,,,0,False,0,12/06/2020 11:19:01
Team2,M4 Team 2(Clone)3,-9,0,0,0,0,0,0,0,Medium,Sherman,0,0,0,1,0,0,0,0,0,0,M4 Team 1(Clone)7 (UnityEngine.GameObject),0,0,0,309,0,0,0,0,0,0,0,309,0,12/06/2020 11:17:48,0,,,0,False,0,12/06/2020 11:19:03
Team1,M4 Team 1(Clone)5,-4,125,2,0,0,0,0,0,Medium,Sherman,0,0,0,0,0,0,0,0,0,0,Tank Team2(Clone)4 (UnityEngine.GameObject),0,0,0,304,0,0,0,0,0,0,125,304,2,12/06/2020 12:13:20,3,,,0,False,0,12/06/2020 12:17:51
Team1,M4 Team 1(Clone)2,-11,0,0,0,0,0,0,0,Medium,Sherman,0,0,0,0,0,0,0,0,0,0,M4 Team 2(Clone)2 (UnityEngine.GameObject),0,0,0,311,0,0,0,0,0,0,0,311,0,12/06/2020 12:42:11,1,,,0,True,0,12/06/2020 12:43:11
Team1,M4 Team 1(Clone)1,-43,0,0,0,0,0,0,0,Medium,Sherman,0,0,0,0,0,0,0,0,0,0,M4 Team 2(Clone)5 (UnityEngine.GameObject),0,0,0,343,0,0,0,0,0,0,0,343,0,12/06/2020 12:42:09,1,,,0,True,0,12/06/2020 12:43:11
Team2,M4 Team 2(Clone)6,-57,372,6,0,0,0,0,0,Medium,Sherman,0,0,0,0,0,0,0,0,0,0,M4 Team 1(Clone)6 (UnityEngine.GameObject),0,0,0,357,0,0,0,0,0,0,372,357,6,12/06/2020 12:42:19,7,,,0,False,0,12/06/2020 12:43:26
Team1,M4 Team 1(Clone)3,-2,64,1,0,0,0,0,0,Medium,Sherman,0,0,0,0,0,0,0,0,0,0,M4 Team 2(Clone)5 (UnityEngine.GameObject),0,0,0,302,0,0,0,0,0,0,64,302,1,12/06/2020 12:42:13,8,,,0,True,0,12/06/2020 12:43:48
Team2,M4 Team 2(Clone)5,-8,332,6,0,0,0,0,0,Medium,Sherman,0,0,0,0,0,0,0,0,0,4,M4 Team 1(Clone)8 (UnityEngine.GameObject),0,0,0,308,0,0,0,0,0,0,332,308,6,12/06/2020 12:42:17,11,,,0,False,0,12/06/2020 12:43:54
Team1,M4 Team 1(Clone)5,-14,176,3,0,0,0,0,0,Medium,Sherman,0,0,0,0,0,0,0,0,0,0,M4 Team 2(Clone)2 (UnityEngine.GameObject),0,0,0,314,0,0,0,0,0,0,176,314,3,12/06/2020 12:42:17,9,,,0,True,0,12/06/2020 12:43:55
Team1,M4 Team 1(Clone)7,-31,262,4,0,0,0,0,0,Medium,Sherman,0,0,0,0,0,0,0,0,0,0,M4 Team 2(Clone)7 (UnityEngine.GameObject),0,0,0,331,0,0,0,0,0,0,262,331,4,12/06/2020 12:42:21,14,,,0,True,0,12/06/2020 12:44:20
Team2,M4 Team 2(Clone)4,-39,87,2,0,0,0,0,0,Medium,Sherman,0,0,0,0,0,0,0,0,0,0,M4 Team 1(Clone)8 (UnityEngine.GameObject),0,0,0,339,0,0,0,0,0,0,87,339,2,12/06/2020 12:42:15,4,,,0,False,0,12/06/2020 12:44:21
Team1,M4 Team 1(Clone)1,-18,107,2,0,0,0,0,0,Medium,Sherman,0,0,0,0,0,0,0,0,0,0,M4 Team 2(Clone)4 (UnityEngine.GameObject),0,0,0,318,0,0,0,0,0,0,107,318,2,12/06/2020 12:45:47,3,,,0,False,0,12/06/2020 12:46:39
Team1,M4 Team 1(Clone)5,-11,0,0,0,0,0,0,0,Medium,Sherman,0,0,0,1,0,0,0,0,0,0,M4 Team 2(Clone)2 (UnityEngine.GameObject),0,0,0,311,0,0,0,0,0,0,0,311,0,12/06/2020 12:45:55,0,,,0,False,0,12/06/2020 12:46:48
Team2,M4 Team 2(Clone)1,-57,268,4,0,0,0,0,0,Medium,Sherman,0,2,0,0,0,0,0,0,0,0,M4 Team 1(Clone)3 (UnityEngine.GameObject),0,0,0,377,0,0,0,0,0,0,268,377,4,12/06/2020 12:45:47,4,,,0,False,0,12/06/2020 12:46:48
Team2,M4 Team 2(Clone)4,-9,327,5,0,0,0,0,0,Medium,Sherman,0,0,0,0,0,0,0,0,0,2,M4 Team 1(Clone)2 (UnityEngine.GameObject),0,0,0,309,0,0,0,0,0,0,327,309,5,12/06/2020 12:45:52,8,,,0,False,0,12/06/2020 12:46:57
Team1,M4 Team 1(Clone)2,-56,333,5,0,0,0,0,0,Medium,Sherman,0,0,0,0,0,0,0,0,0,2,M4 Team 2(Clone)6 (UnityEngine.GameObject),0,0,0,356,0,0,0,0,0,0,333,356,5,12/06/2020 12:45:49,9,,,0,False,0,12/06/2020 12:47:00
Team2,M4 Team 2(Clone)6,-11,130,2,0,0,0,0,0,Medium,Sherman,0,0,0,0,0,0,0,0,0,1,M4 Team 1(Clone)6 (UnityEngine.GameObject),0,0,0,164,0,0,0,0,0,0,130,164,2,12/06/2020 12:45:57,9,,,0,False,0,12/06/2020 12:47:01
Team1,M4 Team 1(Clone)4,-32,177,3,0,0,0,0,0,Medium,Sherman,0,0,0,0,0,0,0,0,0,0,M4 Team 2(Clone)3 (UnityEngine.GameObject),0,0,0,332,0,0,0,0,0,0,177,332,3,12/06/2020 12:45:53,4,,,0,False,0,12/06/2020 12:47:11
Team1,M4 Team 1(Clone)6,-29,191,3,0,0,0,0,0,Medium,Sherman,0,0,0,0,0,0,0,0,0,2,M4 Team 2(Clone)2 (UnityEngine.GameObject),0,0,0,329,0,0,0,0,0,0,191,329,3,12/06/2020 12:45:57,5,,,0,False,0,12/06/2020 12:47:55
Team2,M4 Team 2(Clone)4,-58,192,3,0,0,0,0,0,Medium,Sherman,0,0,0,0,0,0,0,0,0,0,M4 Team 1(Clone)6 (UnityEngine.GameObject),0,0,0,358,0,0,0,0,0,0,192,358,3,12/06/2020 12:52:41,7,,,0,False,0,12/06/2020 12:53:33
Team1,M4 Team 1(Clone)4,-19,0,0,0,0,0,0,0,Medium,Sherman,0,0,0,1,0,0,0,0,0,0,M4 Team 2(Clone)7 (UnityEngine.GameObject),0,0,0,319,0,0,0,0,0,0,0,319,0,12/06/2020 12:52:41,0,,,0,False,0,12/06/2020 12:53:33
Team1,M4 Team 1(Clone)3,-12,297,5,0,0,0,0,0,Medium,Sherman,0,0,0,0,0,0,0,0,0,0,M4 Team 2(Clone)7 (UnityEngine.GameObject),0,0,0,312,0,0,0,0,0,0,297,312,5,12/06/2020 12:52:39,5,,,0,False,0,12/06/2020 12:53:45
Team2,M4 Team 2(Clone)5,-17,206,3,0,0,0,0,0,Medium,Sherman,0,0,0,0,0,0,0,0,0,0,M4 Team 1(Clone)6 (UnityEngine.GameObject),0,0,0,317,0,0,0,0,0,0,206,317,3,12/06/2020 12:52:43,5,,,0,False,0,12/06/2020 12:53:47
Team2,M4 Team 2(Clone)6,-5,259,4,0,0,0,0,0,Medium,Sherman,0,0,0,0,0,0,0,0,0,0,M4 Team 1(Clone)7 (UnityEngine.GameObject),0,0,0,305,0,0,0,0,0,0,259,305,4,12/06/2020 12:52:45,6,,,0,False,0,12/06/2020 12:54:41
Team1,M4 Team 1(Clone)1,-10,73,1,0,0,0,0,0,Medium,Sherman,0,0,0,0,0,0,0,0,0,0,M4 Team 2(Clone)3 (UnityEngine.GameObject),0,0,0,310,0,0,0,0,0,0,73,310,1,12/06/2020 12:56:45,2,,,0,False,0,12/06/2020 12:57:51
Team2,M4 Team 2(Clone)2,-19,231,4,0,0,0,0,0,Medium,Sherman,0,0,0,0,0,0,0,0,0,0,M4 Team 1(Clone)1 (UnityEngine.GameObject),0,0,0,319,0,0,0,0,0,0,231,319,4,12/06/2020 13:02:47,3,,,0,False,0,12/06/2020 13:03:40
Team1,M4 Team 1(Clone)1,-42,202,3,0,0,0,0,0,Medium,Sherman,0,0,0,0,0,0,0,0,0,1,M4 Team 2(Clone)3 (UnityEngine.GameObject),0,0,0,342,0,0,0,0,0,0,202,342,3,12/06/2020 13:02:40,8,,,0,False,0,12/06/2020 13:03:41
Team2,M4 Team 2(Clone)2,-11,59,1,0,0,0,0,0,Medium,Sherman,0,0,0,0,0,0,0,0,0,0,M4 Team 1(Clone)3 (UnityEngine.GameObject),0,0,0,311,0,0,0,0,0,0,59,311,1,12/06/2020 13:40:10,3,,,0,False,0,12/06/2020 13:42:37
Team2,M4 Team 2(Clone)6,-33,165,3,0,0,0,0,0,Medium,Sherman,0,0,0,0,0,0,0,0,0,0,M4 Team 1(Clone)3 (UnityEngine.GameObject),0,0,0,333,0,0,0,0,0,0,165,333,3,12/06/2020 13:40:18,3,,,0,False,0,12/06/2020 13:42:47
Team1,M4 Team 1(Clone)1,-41,123,2,0,0,0,0,0,Medium,Sherman,0,0,0,0,0,0,0,0,0,0,M4 Team 2(Clone)5 (UnityEngine.GameObject),0,0,0,341,0,0,0,0,0,0,123,341,2,12/06/2020 13:40:08,6,,,0,False,0,12/06/2020 13:42:56
Team2,M4 Team 2(Clone)7,-16,63,1,0,0,0,0,0,Medium,Sherman,0,0,0,0,0,0,0,0,0,0,M4 Team 1(Clone)3 (UnityEngine.GameObject),0,0,0,316,0,0,0,0,0,0,63,316,1,12/06/2020 13:40:20,4,,,0,False,0,12/06/2020 13:42:57
Team1,M4 Team 1(Clone)3,-15,572,9,0,0,0,0,0,Medium,Sherman,0,0,0,0,0,0,0,0,0,6,M4 Team 2(Clone)5 (UnityEngine.GameObject),0,0,0,315,0,0,0,0,0,0,572,315,9,12/06/2020 13:40:12,7,,,0,False,0,12/06/2020 13:43:04
Team1,M4 Team 1(Clone)5,-9,371,6,0,0,0,0,0,Medium,Sherman,0,0,0,0,0,0,0,0,0,0,M4 Team 2(Clone)5 (UnityEngine.GameObject),0,0,0,309,0,0,0,0,0,0,371,309,6,12/06/2020 13:40:16,6,,,0,False,0,12/06/2020 13:43:16
Team1,M4 Team 1(Clone)7,-3,261,4,0,0,0,0,0,Medium,Sherman,0,0,0,0,0,0,0,0,0,0,M4 Team 2(Clone)5 (UnityEngine.GameObject),0,0,0,303,0,0,0,0,0,0,261,303,4,12/06/2020 13:40:20,8,,,0,False,0,12/06/2020 13:43:26
Team1,M4 Team 1(Clone)2,-2,123,2,0,1,0,0,0,Medium,Sherman,0,0,0,0,0,0,0,0,0,0,M4 Team 2(Clone)1 (UnityEngine.GameObject),0,0,0,332,0,0,0,53,0,0,123,279,2,12/06/2020 13:40:10,3,,,0,False,0,12/06/2020 13:43:27
Team1,M4 Team 1(Clone)1,-39,125,2,0,0,0,0,0,Medium,Sherman,0,0,0,0,0,0,0,0,0,0,M4 Team 2(Clone)1 (UnityEngine.GameObject),0,0,0,339,0,0,0,0,0,0,125,339,2,12/06/2020 13:48:02,2,,,0,False,0,12/06/2020 13:49:42
Team2,M4 Team 2(Clone)1,-29,290,5,0,0,0,0,0,Medium,Sherman,0,0,0,0,0,0,0,0,0,2,M4 Team 1(Clone)5 (UnityEngine.GameObject),0,0,0,329,0,0,0,51,0,0,290,278,5,12/06/2020 13:48:02,3,,,0,False,0,12/06/2020 13:49:44
Team2,M4 Team 2(Clone)2,-1,144,2,0,0,0,0,0,Medium,Sherman,0,0,0,0,0,0,0,0,0,0,M4 Team 1(Clone)3 (UnityEngine.GameObject),0,0,0,301,0,0,0,0,0,0,144,301,2,12/06/2020 13:51:02,6,,,0,False,0,12/06/2020 13:52:23
Team1,M4 Team 1(Clone)1,-45,188,3,0,0,0,0,0,Medium,Sherman,0,0,0,0,0,0,0,0,0,0,M4 Team 2(Clone)3 (UnityEngine.GameObject),0,0,0,345,0,0,0,0,0,0,188,345,3,12/06/2020 13:51:00,8,,,0,False,0,12/06/2020 13:52:23
Team1,M4 Team 1(Clone)2,-15,129,2,0,0,0,0,0,Medium,Sherman,0,0,0,0,0,0,0,0,0,0,M4 Team 2(Clone)4 (UnityEngine.GameObject),0,0,0,315,0,0,0,0,0,0,129,315,2,12/06/2020 13:51:02,3,,,0,False,0,12/06/2020 13:52:26
Team1,M4 Team 1(Clone)4,-68,209,3,0,0,0,0,0,Medium,Sherman,0,0,0,0,0,0,0,0,0,0,M4 Team 2(Clone)6 (UnityEngine.GameObject),0,0,0,368,0,0,0,0,0,0,209,368,3,12/06/2020 13:51:06,3,,,0,False,0,12/06/2020 13:52:34
Team1,M4 Team 1(Clone)3,-22,60,1,0,0,0,0,0,Medium,Sherman,0,0,0,0,0,0,0,0,0,0,M4 Team 2(Clone)4 (UnityEngine.GameObject),0,0,0,322,0,0,0,0,0,0,60,322,1,12/06/2020 14:22:49,6,,,0,False,0,12/06/2020 14:23:38
Team2,M4 Team 2(Clone)1,-10,139,2,0,0,0,0,0,Medium,Sherman,0,0,0,0,0,0,0,0,0,0,Tank Team1(Clone)2 (UnityEngine.GameObject),0,0,0,310,0,0,0,0,0,0,139,310,2,12/06/2020 14:22:45,3,,,0,False,0,12/06/2020 14:23:38
Team2,M4 Team 2(Clone)4,-55,326,5,0,0,0,0,0,Medium,Sherman,0,0,0,0,0,0,0,0,0,2,Tank Team1(Clone)2 (UnityEngine.GameObject),0,0,0,355,0,0,0,0,0,0,326,355,5,12/06/2020 14:22:51,5,,,0,False,0,12/06/2020 14:23:51
Team2,M4 Team 2(Clone)6,-5,131,2,0,0,0,0,0,Medium,Sherman,0,0,0,0,0,0,0,0,0,0,M4 Team 1(Clone)6 (UnityEngine.GameObject),0,0,0,305,0,0,0,113,0,0,131,192,2,12/06/2020 14:22:55,6,,,0,False,0,12/06/2020 14:24:03
Team2,M4 Team 2(Clone)8,-23,0,0,0,0,0,0,0,Medium,Sherman,1,0,0,0,0,0,0,0,0,0,Tank Team1(Clone)2 (UnityEngine.GameObject),0,0,0,323,0,0,0,0,0,0,0,323,0,12/06/2020 14:22:59,5,,,0,False,0,12/06/2020 14:24:14
